Workbook

Sheet 40C
A1: GENSPP | B1: ID_Code | C1: Species | D1: Treat | E1: Sample_no | F1: Date_Time | G1: Weight
A2: ERIMON | B2: {=IF(ISBLANK(A2),"",IF(A2="PROREP (L)",VLOOKUP(LEFT($A2,6),'Data Feed (40C)'!$A$1:$G$10,2,FALSE),IF(A2="PROREP (S)", INDEX('Data Feed (40C)'!B:B, MATCH(LEFT($A2,6), 'Data Feed (40C)'!$A$1:$A$10, 0) + 1), VLOOKUP($A2,'Data Feed (40C)'!$A$1:$G$10,2,FALSE))))} -> JKS240702ERIMON_40C_sample_1 | C2: {=IF(ISBLANK(A2),"",IF(A2="PROREP (L)",VLOOKUP(LEFT($A2,6),'Data Feed (40C)'!$A$1:$G$10,3,FALSE),IF(A2="PROREP (S)", INDEX('Data Feed (40C)'!C:C, MATCH(LEFT($A2,6), 'Data Feed (40C)'!$A$1:$A$10, 0) + 1, +1), VLOOKUP($A2,'Data Feed (40C)'!$A$1:$G$10,3,FALSE))))} -> Erica monsoniana | D2: {=IF(ISBLANK(A2),"",IF(A2="PROREP (L)",VLOOKUP(LEFT($A2,6),'Data Feed (40C)'!$A$1:$G$10,4,FALSE),IF(A2="PROREP (S)", INDEX('Data Feed (40C)'!D:D, MATCH(LEFT($A2,6), 'Data Feed (40C)'!$A$1:$A$10, 0) + 1, +1), VLOOKUP($A2,'Data Feed (40C)'!$A$1:$G$10,4,FALSE))))} -> 40C | E2: {=IF(ISBLANK(A2),"",IF(A2="PROREP (L)",VLOOKUP(LEFT($A2,6),'Data Feed (40C)'!$A$1:$G$10,7,FALSE),IF(A2="PROREP (S)", INDEX('Data Feed (40C)'!G:G, MATCH(LEFT($A2,6), 'Data Feed (40C)'!$A$1:$A$10, 0) + 1, +1), VLOOKUP($A2,'Data Feed (40C)'!$A$1:$G$10,7,FALSE))))} -> 1 | F2: 45477.521 | G2: 1.84
A3: =A2 -> ERIMON | B3: =IF(ISBLANK(A2),"",LEFT(B2,27)&VALUE(RIGHT(B2,1)+1)) -> JKS240702ERIMON_40C_sample_2 | C3: =C2 -> Erica monsoniana | D3: =D2 -> 40C | E3: =IF(ISBLANK(A2),"",E2+1) -> 2 | F3: =F2 -> 45477.521 | G3: 1.695
A4: =A3 -> ERIMON | B4: =IF(ISBLANK(A2),"",LEFT(B3,27)&VALUE(RIGHT(B3,1)+1)) -> JKS240702ERIMON_40C_sample_3 | C4: =C3 -> Erica monsoniana | D4: =D3 -> 40C | E4: =IF(ISBLANK(A2),"",E3+1) -> 3 | F4: =F3 -> 45477.521 | G4: 1.5
A5: =A4 -> ERIMON | B5: =IF(ISBLANK(A2),"",LEFT(B4,27)&VALUE(RIGHT(B4,1)+1)) -> JKS240702ERIMON_40C_sample_4 | C5: =C4 -> Erica monsoniana | D5: =D4 -> 40C | E5: =IF(ISBLANK(A2),"",E4+1) -> 4 | F5: =F4 -> 45477.521 | G5: 3.358
A6: =A5 -> ERIMON | B6: =IF(ISBLANK(A2),"",LEFT(B5,27)&VALUE(RIGHT(B5,1)+1)) -> JKS240702ERIMON_40C_sample_5 | C6: =C5 -> Erica monsoniana | D6: =D5 -> 40C | E6: =IF(ISBLANK(A2),"",E5+1) -> 5 | F6: =F5 -> 45477.521 | G6: 1.177
A7: =A6 -> ERIMON | B7: =IF(ISBLANK(A2),"",LEFT(B6,27)&VALUE(RIGHT(B6,1)+1)) -> JKS240702ERIMON_40C_sample_6 | C7: =C6 -> Erica monsoniana | D7: =D6 -> 40C | E7: =IF(ISBLANK(A2),"",E6+1) -> 6 | F7: =F6 -> 45477.521 | G7: 2.264
A8: PROREP (L) | B8: {=IF(ISBLANK(A8),"",IF(A8="PROREP (L)",VLOOKUP(LEFT($A8,6),'Data Feed (40C)'!$A$1:$G$10,2,FALSE),IF(A8="PROREP (S)", INDEX('Data Feed (40C)'!B:B, MATCH(LEFT($A8,6), 'Data Feed (40C)'!$A$1:$A$10, 0) + 1), VLOOKUP($A8,'Data Feed (40C)'!$A$1:$G$10,2,FALSE))))} -> JKL240702PROREP_40C_sample_1 | C8: {=IF(ISBLANK(A8),"",IF(A8="PROREP (L)",VLOOKUP(LEFT($A8,6),'Data Feed (40C)'!$A$1:$G$10,3,FALSE),IF(A8="PROREP (S)", INDEX('Data Feed (40C)'!C:C, MATCH(LEFT($A8,6), 'Data Feed (40C)'!$A$1:$A$10, 0) + 1, +1), VLOOKUP($A8,'Data Feed (40C)'!$A$1:$G$10,3,FALSE))))} -> Protea repens | D8: {=IF(ISBLANK(A8),"",IF(A8="PROREP (L)",VLOOKUP(LEFT($A8,6),'Data Feed (40C)'!$A$1:$G$10,4,FALSE),IF(A8="PROREP (S)", INDEX('Data Feed (40C)'!D:D, MATCH(LEFT($A8,6), 'Data Feed (40C)'!$A$1:$A$10, 0) + 1, +1), VLOOKUP($A8,'Data Feed (40C)'!$A$1:$G$10,4,FALSE))))} -> 40C | E8: {=IF(ISBLANK(A8),"",IF(A8="PROREP (L)",VLOOKUP(LEFT($A8,6),'Data Feed (40C)'!$A$1:$G$10,7,FALSE),IF(A8="PROREP (S)", INDEX('Data Feed (40C)'!G:G, MATCH(LEFT($A8,6), 'Data Feed (40C)'!$A$1:$A$10, 0) + 1, +1), VLOOKUP($A8,'Data Feed (40C)'!$A$1:$G$10,7,FALSE))))} -> 1 | F8: 45477.572 | G8: 0.575
A9: =A8 -> PROREP (L) | B9: =IF(ISBLANK(A8),"",LEFT(B8,27)&VALUE(RIGHT(B8,1)+1)) -> JKL240702PROREP_40C_sample_2 | C9: =C8 -> Protea repens | D9: =D8 -> 40C | E9: =IF(ISBLANK(A8),"",E8+1) -> 2 | F9: =F8 -> 45477.572 | G9: 0.535
A10: =A9 -> PROREP (L) | B10: =IF(ISBLANK(A8),"",LEFT(B9,27)&VALUE(RIGHT(B9,1)+1)) -> JKL240702PROREP_40C_sample_3 | C10: =C9 -> Protea repens | D10: =D9 -> 40C | E10: =IF(ISBLANK(A8),"",E9+1) -> 3 | F10: =F9 -> 45477.572 | G10: 0.624
A11: =A10 -> PROREP (L) | B11: =IF(ISBLANK(A8),"",LEFT(B10,27)&VALUE(RIGHT(B10,1)+1)) -> JKL240702PROREP_40C_sample_4 | C11: =C10 -> Protea repens | D11: =D10 -> 40C | E11: =IF(ISBLANK(A8),"",E10+1) -> 4 | F11: =F10 -> 45477.572 | G11: 0.296
A12: =A11 -> PROREP (L) | B12: =IF(ISBLANK(A8),"",LEFT(B11,27)&VALUE(RIGHT(B11,1)+1)) -> JKL240702PROREP_40C_sample_5 | C12: =C11 -> Protea repens | D12: =D11 -> 40C | E12: =IF(ISBLANK(A8),"",E11+1) -> 5 | F12: =F11 -> 45477.572 | G12: 0.37
A13: =A12 -> PROREP (L) | B13: =IF(ISBLANK(A8),"",LEFT(B12,27)&VALUE(RIGHT(B12,1)+1)) -> JKL240702PROREP_40C_sample_6 | C13: =C12 -> Protea repens | D13: =D12 -> 40C | E13: =IF(ISBLANK(A8),"",E12+1) -> 6 | F13: =F12 -> 45477.572 | G13: 0.486
A14: ERIMON | B14: {=IF(ISBLANK(A14),"",IF(A14="PROREP (L)",VLOOKUP(LEFT($A14,6),'Data Feed (40C)'!$A$1:$G$10,2,FALSE),IF(A14="PROREP (S)", INDEX('Data Feed (40C)'!B:B, MATCH(LEFT($A14,6), 'Data Feed (40C)'!$A$1:$A$10, 0) + 1), VLOOKUP($A14,'Data Feed (40C)'!$A$1:$G$10,2,FALSE))))} -> JKS240702ERIMON_40C_sample_1 | C14: {=IF(ISBLANK(A14),"",IF(A14="PROREP (L)",VLOOKUP(LEFT($A14,6),'Data Feed (40C)'!$A$1:$G$10,3,FALSE),IF(A14="PROREP (S)", INDEX('Data Feed (40C)'!C:C, MATCH(LEFT($A14,6), 'Data Feed (40C)'!$A$1:$A$10, 0) + 1, +1), VLOOKUP($A14,'Data Feed (40C)'!$A$1:$G$10,3,FALSE))))} -> Erica monsoniana | D14: {=IF(ISBLANK(A14),"",IF(A14="PROREP (L)",VLOOKUP(LEFT($A14,6),'Data Feed (40C)'!$A$1:$G$10,4,FALSE),IF(A14="PROREP (S)", INDEX('Data Feed (40C)'!D:D, MATCH(LEFT($A14,6), 'Data Feed (40C)'!$A$1:$A$10, 0) + 1, +1), VLOOKUP($A14,'Data Feed (40C)'!$A$1:$G$10,4,FALSE))))} -> 40C | E14: {=IF(ISBLANK(A14),"",IF(A14="PROREP (L)",VLOOKUP(LEFT($A14,6),'Data Feed (40C)'!$A$1:$G$10,7,FALSE),IF(A14="PROREP (S)", INDEX('Data Feed (40C)'!G:G, MATCH(LEFT($A14,6), 'Data Feed (40C)'!$A$1:$A$10, 0) + 1, +1), VLOOKUP($A14,'Data Feed (40C)'!$A$1:$G$10,7,FALSE))))} -> 1 | F14: 45477.573 | G14: 1.508
A15: =A14 -> ERIMON | B15: =IF(ISBLANK(A14),"",LEFT(B14,27)&VALUE(RIGHT(B14,1)+1)) -> JKS240702ERIMON_40C_sample_2 | C15: =C14 -> Erica monsoniana | D15: =D14 -> 40C | E15: =IF(ISBLANK(A14),"",E14+1) -> 2 | F15: =F14 -> 45477.573 | G15: 1.374
A16: =A15 -> ERIMON | B16: =IF(ISBLANK(A14),"",LEFT(B15,27)&VALUE(RIGHT(B15,1)+1)) -> JKS240702ERIMON_40C_sample_3 | C16: =C15 -> Erica monsoniana | D16: =D15 -> 40C | E16: =IF(ISBLANK(A14),"",E15+1) -> 3 | F16: =F15 -> 45477.573 | G16: 1.22
A17: =A16 -> ERIMON | B17: =IF(ISBLANK(A14),"",LEFT(B16,27)&VALUE(RIGHT(B16,1)+1)) -> JKS240702ERIMON_40C_sample_4 | C17: =C16 -> Erica monsoniana | D17: =D16 -> 40C | E17: =IF(ISBLANK(A14),"",E16+1) -> 4 | F17: =F16 -> 45477.573 | G17: 2.876
A18: =A17 -> ERIMON | B18: =IF(ISBLANK(A14),"",LEFT(B17,27)&VALUE(RIGHT(B17,1)+1)) -> JKS240702ERIMON_40C_sample_5 | C18: =C17 -> Erica monsoniana | D18: =D17 -> 40C | E18: =IF(ISBLANK(A14),"",E17+1) -> 5 | F18: =F17 -> 45477.573 | G18: 0.993
A19: =A18 -> ERIMON | B19: =IF(ISBLANK(A14),"",LEFT(B18,27)&VALUE(RIGHT(B18,1)+1)) -> JKS240702ERIMON_40C_sample_6 | C19: =C18 -> Erica monsoniana | D19: =D18 -> 40C | E19: =IF(ISBLANK(A14),"",E18+1) -> 6 | F19: =F18 -> 45477.573 | G19: 1.855
A20: PROREP (S) | B20: {=IF(ISBLANK(A20),"",IF(A20="PROREP (L)",VLOOKUP(LEFT($A20,6),'Data Feed (40C)'!$A$1:$G$10,2,FALSE),IF(A20="PROREP (S)", INDEX('Data Feed (40C)'!B:B, MATCH(LEFT($A20,6), 'Data Feed (40C)'!$A$1:$A$10, 0) + 1), VLOOKUP($A20,'Data Feed (40C)'!$A$1:$G$10,2,FALSE))))} -> JKS240702PROREP_40C_sample_1 | C20: {=IF(ISBLANK(A20),"",IF(A20="PROREP (L)",VLOOKUP(LEFT($A20,6),'Data Feed (40C)'!$A$1:$G$10,3,FALSE),IF(A20="PROREP (S)", INDEX('Data Feed (40C)'!C:C, MATCH(LEFT($A20,6), 'Data Feed (40C)'!$A$1:$A$10, 0) + 1, +1), VLOOKUP($A20,'Data Feed (40C)'!$A$1:$G$10,3,FALSE))))} -> Protea repens | D20: {=IF(ISBLANK(A20),"",IF(A20="PROREP (L)",VLOOKUP(LEFT($A20,6),'Data Feed (40C)'!$A$1:$G$10,4,FALSE),IF(A20="PROREP (S)", INDEX('Data Feed (40C)'!D:D, MATCH(LEFT($A20,6), 'Data Feed (40C)'!$A$1:$A$10, 0) + 1, +1), VLOOKUP($A20,'Data Feed (40C)'!$A$1:$G$10,4,FALSE))))} -> 40C | E20: {=IF(ISBLANK(A20),"",IF(A20="PROREP (L)",VLOOKUP(LEFT($A20,6),'Data Feed (40C)'!$A$1:$G$10,7,FALSE),IF(A20="PROREP (S)", INDEX('Data Feed (40C)'!G:G, MATCH(LEFT($A20,6), 'Data Feed (40C)'!$A$1:$A$10, 0) + 1, +1), VLOOKUP($A20,'Data Feed (40C)'!$A$1:$G$10,7,FALSE))))} -> 1 | F20: 45477.609 | G20: 7.292
A21: =A20 -> PROREP (S) | B21: =IF(ISBLANK(A20),"",LEFT(B20,27)&VALUE(RIGHT(B20,1)+1)) -> JKS240702PROREP_40C_sample_2 | C21: =C20 -> Protea repens | D21: =D20 -> 40C | E21: =IF(ISBLANK(A20),"",E20+1) -> 2 | F21: =F20 -> 45477.609 | G21: 11.855
A22: =A21 -> PROREP (S) | B22: =IF(ISBLANK(A20),"",LEFT(B21,27)&VALUE(RIGHT(B21,1)+1)) -> JKS240702PROREP_40C_sample_3 | C22: =C21 -> Protea repens | D22: =D21 -> 40C | E22: =IF(ISBLANK(A20),"",E21+1) -> 3 | F22: =F21 -> 45477.609 | G22: 4.825
A23: =A22 -> PROREP (S) | B23: =IF(ISBLANK(A20),"",LEFT(B22,27)&VALUE(RIGHT(B22,1)+1)) -> JKS240702PROREP_40C_sample_4 | C23: =C22 -> Protea repens | D23: =D22 -> 40C | E23: =IF(ISBLANK(A20),"",E22+1) -> 4 | F23: =F22 -> 45477.609 | G23: 1.779
A24: =A23 -> PROREP (S) | B24: =IF(ISBLANK(A20),"",LEFT(B23,27)&VALUE(RIGHT(B23,1)+1)) -> JKS240702PROREP_40C_sample_5 | C24: =C23 -> Protea repens | D24: =D23 -> 40C | E24: =IF(ISBLANK(A20),"",E23+1) -> 5 | F24: =F23 -> 45477.609 | G24: 7.849
A25: =A24 -> PROREP (S) | B25: =IF(ISBLANK(A20),"",LEFT(B24,27)&VALUE(RIGHT(B24,1)+1)) -> JKS240702PROREP_40C_sample_6 | C25: =C24 -> Protea repens | D25: =D24 -> 40C | E25: =IF(ISBLANK(A20),"",E24+1) -> 6 | F25: =F24 -> 45477.609 | G25: 10.937
A26: ERIMON | B26: {=IF(ISBLANK(A26),"",IF(A26="PROREP (L)",VLOOKUP(LEFT($A26,6),'Data Feed (40C)'!$A$1:$G$10,2,FALSE),IF(A26="PROREP (S)", INDEX('Data Feed (40C)'!B:B, MATCH(LEFT($A26,6), 'Data Feed (40C)'!$A$1:$A$10, 0) + 1), VLOOKUP($A26,'Data Feed (40C)'!$A$1:$G$10,2,FALSE))))} -> JKS240702ERIMON_40C_sample_1 | C26: {=IF(ISBLANK(A26),"",IF(A26="PROREP (L)",VLOOKUP(LEFT($A26,6),'Data Feed (40C)'!$A$1:$G$10,3,FALSE),IF(A26="PROREP (S)", INDEX('Data Feed (40C)'!C:C, MATCH(LEFT($A26,6), 'Data Feed (40C)'!$A$1:$A$10, 0) + 1, +1), VLOOKUP($A26,'Data Feed (40C)'!$A$1:$G$10,3,FALSE))))} -> Erica monsoniana | D26: {=IF(ISBLANK(A26),"",IF(A26="PROREP (L)",VLOOKUP(LEFT($A26,6),'Data Feed (40C)'!$A$1:$G$10,4,FALSE),IF(A26="PROREP (S)", INDEX('Data Feed (40C)'!D:D, MATCH(LEFT($A26,6), 'Data Feed (40C)'!$A$1:$A$10, 0) + 1, +1), VLOOKUP($A26,'Data Feed (40C)'!$A$1:$G$10,4,FALSE))))} -> 40C | E26: {=IF(ISBLANK(A26),"",IF(A26="PROREP (L)",VLOOKUP(LEFT($A26,6),'Data Feed (40C)'!$A$1:$G$10,7,FALSE),IF(A26="PROREP (S)", INDEX('Data Feed (40C)'!G:G, MATCH(LEFT($A26,6), 'Data Feed (40C)'!$A$1:$A$10, 0) + 1, +1), VLOOKUP($A26,'Data Feed (40C)'!$A$1:$G$10,7,FALSE))))} -> 1 | F26: 45477.61 | G26: 1.336
A27: =A26 -> ERIMON | B27: =IF(ISBLANK(A26),"",LEFT(B26,27)&VALUE(RIGHT(B26,1)+1)) -> JKS240702ERIMON_40C_sample_2 | C27: =C26 -> Erica monsoniana | D27: =D26 -> 40C | E27: =IF(ISBLANK(A26),"",E26+1) -> 2 | F27: =F26 -> 45477.61 | G27: 1.2
A28: =A27 -> ERIMON | B28: =IF(ISBLANK(A26),"",LEFT(B27,27)&VALUE(RIGHT(B27,1)+1)) -> JKS240702ERIMON_40C_sample_3 | C28: =C27 -> Erica monsoniana | D28: =D27 -> 40C | E28: =IF(ISBLANK(A26),"",E27+1) -> 3 | F28: =F27 -> 45477.61 | G28: 1.07
A29: =A28 -> ERIMON | B29: =IF(ISBLANK(A26),"",LEFT(B28,27)&VALUE(RIGHT(B28,1)+1)) -> JKS240702ERIMON_40C_sample_4 | C29: =C28 -> Erica monsoniana | D29: =D28 -> 40C | E29: =IF(ISBLANK(A26),"",E28+1) -> 4 | F29: =F28 -> 45477.61 | G29: 2.598
A30: =A29 -> ERIMON | B30: =IF(ISBLANK(A26),"",LEFT(B29,27)&VALUE(RIGHT(B29,1)+1)) -> JKS240702ERIMON_40C_sample_5 | C30: =C29 -> Erica monsoniana | D30: =D29 -> 40C | E30: =IF(ISBLANK(A26),"",E29+1) -> 5 | F30: =F29 -> 45477.61 | G30: 0.892
A31: =A30 -> ERIMON | B31: =IF(ISBLANK(A26),"",LEFT(B30,27)&VALUE(RIGHT(B30,1)+1)) -> JKS240702ERIMON_40C_sample_6 | C31: =C30 -> Erica monsoniana | D31: =D30 -> 40C | E31: =IF(ISBLANK(A26),"",E30+1) -> 6 | F31: =F30 -> 45477.61 | G31: 1.608
A32: PROREP (L) | B32: {=IF(ISBLANK(A32),"",IF(A32="PROREP (L)",VLOOKUP(LEFT($A32,6),'Data Feed (40C)'!$A$1:$G$10,2,FALSE),IF(A32="PROREP (S)", INDEX('Data Feed (40C)'!B:B, MATCH(LEFT($A32,6), 'Data Feed (40C)'!$A$1:$A$10, 0) + 1), VLOOKUP($A32,'Data Feed (40C)'!$A$1:$G$10,2,FALSE))))} -> JKL240702PROREP_40C_sample_1 | C32: {=IF(ISBLANK(A32),"",IF(A32="PROREP (L)",VLOOKUP(LEFT($A32,6),'Data Feed (40C)'!$A$1:$G$10,3,FALSE),IF(A32="PROREP (S)", INDEX('Data Feed (40C)'!C:C, MATCH(LEFT($A32,6), 'Data Feed (40C)'!$A$1:$A$10, 0) + 1, +1), VLOOKUP($A32,'Data Feed (40C)'!$A$1:$G$10,3,FALSE))))} -> Protea repens | D32: {=IF(ISBLANK(A32),"",IF(A32="PROREP (L)",VLOOKUP(LEFT($A32,6),'Data Feed (40C)'!$A$1:$G$10,4,FALSE),IF(A32="PROREP (S)", INDEX('Data Feed (40C)'!D:D, MATCH(LEFT($A32,6), 'Data Feed (40C)'!$A$1:$A$10, 0) + 1, +1), VLOOKUP($A32,'Data Feed (40C)'!$A$1:$G$10,4,FALSE))))} -> 40C | E32: {=IF(ISBLANK(A32),"",IF(A32="PROREP (L)",VLOOKUP(LEFT($A32,6),'Data Feed (40C)'!$A$1:$G$10,7,FALSE),IF(A32="PROREP (S)", INDEX('Data Feed (40C)'!G:G, MATCH(LEFT($A32,6), 'Data Feed (40C)'!$A$1:$A$10, 0) + 1, +1), VLOOKUP($A32,'Data Feed (40C)'!$A$1:$G$10,7,FALSE))))} -> 1 | F32: 45477.612 | G32: 0.564
A33: =A32 -> PROREP (L) | B33: =IF(ISBLANK(A32),"",LEFT(B32,27)&VALUE(RIGHT(B32,1)+1)) -> JKL240702PROREP_40C_sample_2 | C33: =C32 -> Protea repens | D33: =D32 -> 40C | E33: =IF(ISBLANK(A32),"",E32+1) -> 2 | F33: =F32 -> 45477.612 | G33: 0.491
A34: =A33 -> PROREP (L) | B34: =IF(ISBLANK(A32),"",LEFT(B33,27)&VALUE(RIGHT(B33,1)+1)) -> JKL240702PROREP_40C_sample_3 | C34: =C33 -> Protea repens | D34: =D33 -> 40C | E34: =IF(ISBLANK(A32),"",E33+1) -> 3 | F34: =F33 -> 45477.612 | G34: 0.605
A35: =A34 -> PROREP (L) | B35: =IF(ISBLANK(A32),"",LEFT(B34,27)&VALUE(RIGHT(B34,1)+1)) -> JKL240702PROREP_40C_sample_4 | C35: =C34 -> Protea repens | D35: =D34 -> 40C | E35: =IF(ISBLANK(A32),"",E34+1) -> 4 | F35: =F34 -> 45477.612 | G35: 0.27
A36: =A35 -> PROREP (L) | B36: =IF(ISBLANK(A32),"",LEFT(B35,27)&VALUE(RIGHT(B35,1)+1)) -> JKL240702PROREP_40C_sample_5 | C36: =C35 -> Protea repens | D36: =D35 -> 40C | E36: =IF(ISBLANK(A32),"",E35+1) -> 5 | F36: =F35 -> 45477.612 | G36: 0.341
A37: =A36 -> PROREP (L) | B37: =IF(ISBLANK(A32),"",LEFT(B36,27)&VALUE(RIGHT(B36,1)+1)) -> JKL240702PROREP_40C_sample_6 | C37: =C36 -> Protea repens | D37: =D36 -> 40C | E37: =IF(ISBLANK(A32),"",E36+1) -> 6 | F37: =F36 -> 45477.612 | G37: 0.431
A38: ERIMON | B38: {=IF(ISBLANK(A38),"",IF(A38="PROREP (L)",VLOOKUP(LEFT($A38,6),'Data Feed (40C)'!$A$1:$G$10,2,FALSE),IF(A38="PROREP (S)", INDEX('Data Feed (40C)'!B:B, MATCH(LEFT($A38,6), 'Data Feed (40C)'!$A$1:$A$10, 0) + 1), VLOOKUP($A38,'Data Feed (40C)'!$A$1:$G$10,2,FALSE))))} -> JKS240702ERIMON_40C_sample_1 | C38: {=IF(ISBLANK(A38),"",IF(A38="PROREP (L)",VLOOKUP(LEFT($A38,6),'Data Feed (40C)'!$A$1:$G$10,3,FALSE),IF(A38="PROREP (S)", INDEX('Data Feed (40C)'!C:C, MATCH(LEFT($A38,6), 'Data Feed (40C)'!$A$1:$A$10, 0) + 1, +1), VLOOKUP($A38,'Data Feed (40C)'!$A$1:$G$10,3,FALSE))))} -> Erica monsoniana | D38: {=IF(ISBLANK(A38),"",IF(A38="PROREP (L)",VLOOKUP(LEFT($A38,6),'Data Feed (40C)'!$A$1:$G$10,4,FALSE),IF(A38="PROREP (S)", INDEX('Data Feed (40C)'!D:D, MATCH(LEFT($A38,6), 'Data Feed (40C)'!$A$1:$A$10, 0) + 1, +1), VLOOKUP($A38,'Data Feed (40C)'!$A$1:$G$10,4,FALSE))))} -> 40C | E38: {=IF(ISBLANK(A38),"",IF(A38="PROREP (L)",VLOOKUP(LEFT($A38,6),'Data Feed (40C)'!$A$1:$G$10,7,FALSE),IF(A38="PROREP (S)", INDEX('Data Feed (40C)'!G:G, MATCH(LEFT($A38,6), 'Data Feed (40C)'!$A$1:$A$10, 0) + 1, +1), VLOOKUP($A38,'Data Feed (40C)'!$A$1:$G$10,7,FALSE))))} -> 1 | F38: 45477.656 | G38: 1.166
A39: =A38 -> ERIMON | B39: =IF(ISBLANK(A38),"",LEFT(B38,27)&VALUE(RIGHT(B38,1)+1)) -> JKS240702ERIMON_40C_sample_2 | C39: =C38 -> Erica monsoniana | D39: =D38 -> 40C | E39: =IF(ISBLANK(A38),"",E38+1) -> 2 | F39: =F38 -> 45477.656 | G39: 1.068
A40: =A39 -> ERIMON | B40: =IF(ISBLANK(A38),"",LEFT(B39,27)&VALUE(RIGHT(B39,1)+1)) -> JKS240702ERIMON_40C_sample_3 | C40: =C39 -> Erica monsoniana | D40: =D39 -> 40C | E40: =IF(ISBLANK(A38),"",E39+1) -> 3 | F40: =F39 -> 45477.656 | G40: 0.94
A41: =A40 -> ERIMON | B41: =IF(ISBLANK(A38),"",LEFT(B40,27)&VALUE(RIGHT(B40,1)+1)) -> JKS240702ERIMON_40C_sample_4 | C41: =C40 -> Erica monsoniana | D41: =D40 -> 40C | E41: =IF(ISBLANK(A38),"",E40+1) -> 4 | F41: =F40 -> 45477.656 | G41: 2.322
A42: =A41 -> ERIMON | B42: =IF(ISBLANK(A38),"",LEFT(B41,27)&VALUE(RIGHT(B41,1)+1)) -> JKS240702ERIMON_40C_sample_5 | C42: =C41 -> Erica monsoniana | D42: =D41 -> 40C | E42: =IF(ISBLANK(A38),"",E41+1) -> 5 | F42: =F41 -> 45477.656 | G42: 0.808
A43: =A42 -> ERIMON | B43: =IF(ISBLANK(A38),"",LEFT(B42,27)&VALUE(RIGHT(B42,1)+1)) -> JKS240702ERIMON_40C_sample_6 | C43: =C42 -> Erica monsoniana | D43: =D42 -> 40C | E43: =IF(ISBLANK(A38),"",E42+1) -> 6 | F43: =F42 -> 45477.656 | G43: 1.366
A44: PROREP (L) | B44: {=IF(ISBLANK(A44),"",IF(A44="PROREP (L)",VLOOKUP(LEFT($A44,6),'Data Feed (40C)'!$A$1:$G$10,2,FALSE),IF(A44="PROREP (S)", INDEX('Data Feed (40C)'!B:B, MATCH(LEFT($A44,6), 'Data Feed (40C)'!$A$1:$A$10, 0) + 1), VLOOKUP($A44,'Data Feed (40C)'!$A$1:$G$10,2,FALSE))))} -> JKL240702PROREP_40C_sample_1 | C44: {=IF(ISBLANK(A44),"",IF(A44="PROREP (L)",VLOOKUP(LEFT($A44,6),'Data Feed (40C)'!$A$1:$G$10,3,FALSE),IF(A44="PROREP (S)", INDEX('Data Feed (40C)'!C:C, MATCH(LEFT($A44,6), 'Data Feed (40C)'!$A$1:$A$10, 0) + 1, +1), VLOOKUP($A44,'Data Feed (40C)'!$A$1:$G$10,3,FALSE))))} -> Protea repens | D44: {=IF(ISBLANK(A44),"",IF(A44="PROREP (L)",VLOOKUP(LEFT($A44,6),'Data Feed (40C)'!$A$1:$G$10,4,FALSE),IF(A44="PROREP (S)", INDEX('Data Feed (40C)'!D:D, MATCH(LEFT($A44,6), 'Data Feed (40C)'!$A$1:$A$10, 0) + 1, +1), VLOOKUP($A44,'Data Feed (40C)'!$A$1:$G$10,4,FALSE))))} -> 40C | E44: {=IF(ISBLANK(A44),"",IF(A44="PROREP (L)",VLOOKUP(LEFT($A44,6),'Data Feed (40C)'!$A$1:$G$10,7,FALSE),IF(A44="PROREP (S)", INDEX('Data Feed (40C)'!G:G, MATCH(LEFT($A44,6), 'Data Feed (40C)'!$A$1:$A$10, 0) + 1, +1), VLOOKUP($A44,'Data Feed (40C)'!$A$1:$G$10,7,FALSE))))} -> 1 | F44: 45477.658 | G44: 0.524
A45: =A44 -> PROREP (L) | B45: =IF(ISBLANK(A44),"",LEFT(B44,27)&VALUE(RIGHT(B44,1)+1)) -> JKL240702PROREP_40C_sample_2 | C45: =C44 -> Protea repens | D45: =D44 -> 40C | E45: =IF(ISBLANK(A44),"",E44+1) -> 2 | F45: =F44 -> 45477.658 | G45: 0.455
A46: =A45 -> PROREP (L) | B46: =IF(ISBLANK(A44),"",LEFT(B45,27)&VALUE(RIGHT(B45,1)+1)) -> JKL240702PROREP_40C_sample_3 | C46: =C45 -> Protea repens | D46: =D45 -> 40C | E46: =IF(ISBLANK(A44),"",E45+1) -> 3 | F46: =F45 -> 45477.658 | G46: 0.524
A47: =A46 -> PROREP (L) | B47: =IF(ISBLANK(A44),"",LEFT(B46,27)&VALUE(RIGHT(B46,1)+1)) -> JKL240702PROREP_40C_sample_4 | C47: =C46 -> Protea repens | D47: =D46 -> 40C | E47: =IF(ISBLANK(A44),"",E46+1) -> 4 | F47: =F46 -> 45477.658 | G47: 0.252
A48: =A47 -> PROREP (L) | B48: =IF(ISBLANK(A44),"",LEFT(B47,27)&VALUE(RIGHT(B47,1)+1)) -> JKL240702PROREP_40C_sample_5 | C48: =C47 -> Protea repens | D48: =D47 -> 40C | E48: =IF(ISBLANK(A44),"",E47+1) -> 5 | F48: =F47 -> 45477.658 | G48: 0.322
A49: =A48 -> PROREP (L) | B49: =IF(ISBLANK(A44),"",LEFT(B48,27)&VALUE(RIGHT(B48,1)+1)) -> JKL240702PROREP_40C_sample_6 | C49: =C48 -> Protea repens | D49: =D48 -> 40C | E49: =IF(ISBLANK(A44),"",E48+1) -> 6 | F49: =F48 -> 45477.658 | G49: 0.396
A50: PROREP (S) | B50: {=IF(ISBLANK(A50),"",IF(A50="PROREP (L)",VLOOKUP(LEFT($A50,6),'Data Feed (40C)'!$A$1:$G$10,2,FALSE),IF(A50="PROREP (S)", INDEX('Data Feed (40C)'!B:B, MATCH(LEFT($A50,6), 'Data Feed (40C)'!$A$1:$A$10, 0) + 1), VLOOKUP($A50,'Data Feed (40C)'!$A$1:$G$10,2,FALSE))))} -> JKS240702PROREP_40C_sample_1 | C50: {=IF(ISBLANK(A50),"",IF(A50="PROREP (L)",VLOOKUP(LEFT($A50,6),'Data Feed (40C)'!$A$1:$G$10,3,FALSE),IF(A50="PROREP (S)", INDEX('Data Feed (40C)'!C:C, MATCH(LEFT($A50,6), 'Data Feed (40C)'!$A$1:$A$10, 0) + 1, +1), VLOOKUP($A50,'Data Feed (40C)'!$A$1:$G$10,3,FALSE))))} -> Protea repens | D50: {=IF(ISBLANK(A50),"",IF(A50="PROREP (L)",VLOOKUP(LEFT($A50,6),'Data Feed (40C)'!$A$1:$G$10,4,FALSE),IF(A50="PROREP (S)", INDEX('Data Feed (40C)'!D:D, MATCH(LEFT($A50,6), 'Data Feed (40C)'!$A$1:$A$10, 0) + 1, +1), VLOOKUP($A50,'Data Feed (40C)'!$A$1:$G$10,4,FALSE))))} -> 40C | E50: {=IF(ISBLANK(A50),"",IF(A50="PROREP (L)",VLOOKUP(LEFT($A50,6),'Data Feed (40C)'!$A$1:$G$10,7,FALSE),IF(A50="PROREP (S)", INDEX('Data Feed (40C)'!G:G, MATCH(LEFT($A50,6), 'Data Feed (40C)'!$A$1:$A$10, 0) + 1, +1), VLOOKUP($A50,'Data Feed (40C)'!$A$1:$G$10,7,FALSE))))} -> 1 | F50: 45477.659 | G50: 6.872
A51: =A50 -> PROREP (S) | B51: =IF(ISBLANK(A50),"",LEFT(B50,27)&VALUE(RIGHT(B50,1)+1)) -> JKS240702PROREP_40C_sample_2 | C51: =C50 -> Protea repens | D51: =D50 -> 40C | E51: =IF(ISBLANK(A50),"",E50+1) -> 2 | F51: =F50 -> 45477.659 | G51: 10.695
A52: =A51 -> PROREP (S) | B52: =IF(ISBLANK(A50),"",LEFT(B51,27)&VALUE(RIGHT(B51,1)+1)) -> JKS240702PROREP_40C_sample_3 | C52: =C51 -> Protea repens | D52: =D51 -> 40C | E52: =IF(ISBLANK(A50),"",E51+1) -> 3 | F52: =F51 -> 45477.659 | G52: 4.363
A53: =A52 -> PROREP (S) | B53: =IF(ISBLANK(A50),"",LEFT(B52,27)&VALUE(RIGHT(B52,1)+1)) -> JKS240702PROREP_40C_sample_4 | C53: =C52 -> Protea repens | D53: =D52 -> 40C | E53: =IF(ISBLANK(A50),"",E52+1) -> 4 | F53: =F52 -> 45477.659 | G53: 1.712
A54: =A53 -> PROREP (S) | B54: =IF(ISBLANK(A50),"",LEFT(B53,27)&VALUE(RIGHT(B53,1)+1)) -> JKS240702PROREP_40C_sample_5 | C54: =C53 -> Protea repens | D54: =D53 -> 40C | E54: =IF(ISBLANK(A50),"",E53+1) -> 5 | F54: =F53 -> 45477.659 | G54: 7.151
A55: =A54 -> PROREP (S) | B55: =IF(ISBLANK(A50),"",LEFT(B54,27)&VALUE(RIGHT(B54,1)+1)) -> JKS240702PROREP_40C_sample_6 | C55: =C54 -> Protea repens | D55: =D54 -> 40C | E55: =IF(ISBLANK(A50),"",E54+1) -> 6 | F55: =F54 -> 45477.659 | G55: 10.099
A56: CANCON | B56: {=IF(ISBLANK(A56),"",IF(A56="PROREP (L)",VLOOKUP(LEFT($A56,6),'Data Feed (40C)'!$A$1:$G$10,2,FALSE),IF(A56="PROREP (S)", INDEX('Data Feed (40C)'!B:B, MATCH(LEFT($A56,6), 'Data Feed (40C)'!$A$1:$A$10, 0) + 1), VLOOKUP($A56,'Data Feed (40C)'!$A$1:$G$10,2,FALSE))))} -> JKS240702CANCON_40C_sample_1 | C56: {=IF(ISBLANK(A56),"",IF(A56="PROREP (L)",VLOOKUP(LEFT($A56,6),'Data Feed (40C)'!$A$1:$G$10,3,FALSE),IF(A56="PROREP (S)", INDEX('Data Feed (40C)'!C:C, MATCH(LEFT($A56,6), 'Data Feed (40C)'!$A$1:$A$10, 0) + 1, +1), VLOOKUP($A56,'Data Feed (40C)'!$A$1:$G$10,3,FALSE))))} -> Cannomois congesta | D56: {=IF(ISBLANK(A56),"",IF(A56="PROREP (L)",VLOOKUP(LEFT($A56,6),'Data Feed (40C)'!$A$1:$G$10,4,FALSE),IF(A56="PROREP (S)", INDEX('Data Feed (40C)'!D:D, MATCH(LEFT($A56,6), 'Data Feed (40C)'!$A$1:$A$10, 0) + 1, +1), VLOOKUP($A56,'Data Feed (40C)'!$A$1:$G$10,4,FALSE))))} -> 40C | E56: {=IF(ISBLANK(A56),"",IF(A56="PROREP (L)",VLOOKUP(LEFT($A56,6),'Data Feed (40C)'!$A$1:$G$10,7,FALSE),IF(A56="PROREP (S)", INDEX('Data Feed (40C)'!G:G, MATCH(LEFT($A56,6), 'Data Feed (40C)'!$A$1:$A$10, 0) + 1, +1), VLOOKUP($A56,'Data Feed (40C)'!$A$1:$G$10,7,FALSE))))} -> 1 | F56: 45477.717 | G56: 1.04
A57: =A56 -> CANCON | B57: =IF(ISBLANK(A56),"",LEFT(B56,27)&VALUE(RIGHT(B56,1)+1)) -> JKS240702CANCON_40C_sample_2 | C57: =C56 -> Cannomois congesta | D57: =D56 -> 40C | E57: =IF(ISBLANK(A56),"",E56+1) -> 2 | F57: =F56 -> 45477.717 | G57: 2.135
A58: =A57 -> CANCON | B58: =IF(ISBLANK(A56),"",LEFT(B57,27)&VALUE(RIGHT(B57,1)+1)) -> JKS240702CANCON_40C_sample_3 | C58: =C57 -> Cannomois congesta | D58: =D57 -> 40C | E58: =IF(ISBLANK(A56),"",E57+1) -> 3 | F58: =F57 -> 45477.717 | G58: 1.129
A59: =A58 -> CANCON | B59: =IF(ISBLANK(A56),"",LEFT(B58,27)&VALUE(RIGHT(B58,1)+1)) -> JKS240702CANCON_40C_sample_4 | C59: =C58 -> Cannomois congesta | D59: =D58 -> 40C | E59: =IF(ISBLANK(A56),"",E58+1) -> 4 | F59: =F58 -> 45477.717 | G59: 1.73
A60: =A59 -> CANCON | B60: =IF(ISBLANK(A56),"",LEFT(B59,27)&VALUE(RIGHT(B59,1)+1)) -> JKS240702CANCON_40C_sample_5 | C60: =C59 -> Cannomois congesta | D60: =D59 -> 40C | E60: =IF(ISBLANK(A56),"",E59+1) -> 5 | F60: =F59 -> 45477.717 | G60: 0.93
A61: =A60 -> CANCON | B61: =IF(ISBLANK(A56),"",LEFT(B60,27)&VALUE(RIGHT(B60,1)+1)) -> JKS240702CANCON_40C_sample_6 | C61: =C60 -> Cannomois congesta | D61: =D60 -> 40C | E61: =IF(ISBLANK(A56),"",E60+1) -> 6 | F61: =F60 -> 45477.717 | G61: 1.84
A62: ERIMON | B62: {=IF(ISBLANK(A62),"",IF(A62="PROREP (L)",VLOOKUP(LEFT($A62,6),'Data Feed (40C)'!$A$1:$G$10,2,FALSE),IF(A62="PROREP (S)", INDEX('Data Feed (40C)'!B:B, MATCH(LEFT($A62,6), 'Data Feed (40C)'!$A$1:$A$10, 0) + 1), VLOOKUP($A62,'Data Feed (40C)'!$A$1:$G$10,2,FALSE))))} -> JKS240702ERIMON_40C_sample_1 | C62: {=IF(ISBLANK(A62),"",IF(A62="PROREP (L)",VLOOKUP(LEFT($A62,6),'Data Feed (40C)'!$A$1:$G$10,3,FALSE),IF(A62="PROREP (S)", INDEX('Data Feed (40C)'!C:C, MATCH(LEFT($A62,6), 'Data Feed (40C)'!$A$1:$A$10, 0) + 1, +1), VLOOKUP($A62,'Data Feed (40C)'!$A$1:$G$10,3,FALSE))))} -> Erica monsoniana | D62: {=IF(ISBLANK(A62),"",IF(A62="PROREP (L)",VLOOKUP(LEFT($A62,6),'Data Feed (40C)'!$A$1:$G$10,4,FALSE),IF(A62="PROREP (S)", INDEX('Data Feed (40C)'!D:D, MATCH(LEFT($A62,6), 'Data Feed (40C)'!$A$1:$A$10, 0) + 1, +1), VLOOKUP($A62,'Data Feed (40C)'!$A$1:$G$10,4,FALSE))))} -> 40C | E62: {=IF(ISBLANK(A62),"",IF(A62="PROREP (L)",VLOOKUP(LEFT($A62,6),'Data Feed (40C)'!$A$1:$G$10,7,FALSE),IF(A62="PROREP (S)", INDEX('Data Feed (40C)'!G:G, MATCH(LEFT($A62,6), 'Data Feed (40C)'!$A$1:$A$10, 0) + 1, +1), VLOOKUP($A62,'Data Feed (40C)'!$A$1:$G$10,7,FALSE))))} -> 1 | F62: 45477.719 | G62: 0.998
A63: =A62 -> ERIMON | B63: =IF(ISBLANK(A62),"",LEFT(B62,27)&VALUE(RIGHT(B62,1)+1)) -> JKS240702ERIMON_40C_sample_2 | C63: =C62 -> Erica monsoniana | D63: =D62 -> 40C | E63: =IF(ISBLANK(A62),"",E62+1) -> 2 | F63: =F62 -> 45477.719 | G63: 1.004
A64: =A63 -> ERIMON | B64: =IF(ISBLANK(A62),"",LEFT(B63,27)&VALUE(RIGHT(B63,1)+1)) -> JKS240702ERIMON_40C_sample_3 | C64: =C63 -> Erica monsoniana | D64: =D63 -> 40C | E64: =IF(ISBLANK(A62),"",E63+1) -> 3 | F64: =F63 -> 45477.719 | G64: 0.861
A65: =A64 -> ERIMON | B65: =IF(ISBLANK(A62),"",LEFT(B64,27)&VALUE(RIGHT(B64,1)+1)) -> JKS240702ERIMON_40C_sample_4 | C65: =C64 -> Erica monsoniana | D65: =D64 -> 40C | E65: =IF(ISBLANK(A62),"",E64+1) -> 4 | F65: =F64 -> 45477.719 | G65: 2.085
A66: =A65 -> ERIMON | B66: =IF(ISBLANK(A62),"",LEFT(B65,27)&VALUE(RIGHT(B65,1)+1)) -> JKS240702ERIMON_40C_sample_5 | C66: =C65 -> Erica monsoniana | D66: =D65 -> 40C | E66: =IF(ISBLANK(A62),"",E65+1) -> 5 | F66: =F65 -> 45477.719 | G66: 0.737
A67: =A66 -> ERIMON | B67: =IF(ISBLANK(A62),"",LEFT(B66,27)&VALUE(RIGHT(B66,1)+1)) -> JKS240702ERIMON_40C_sample_6 | C67: =C66 -> Erica monsoniana | D67: =D66 -> 40C | E67: =IF(ISBLANK(A62),"",E66+1) -> 6 | F67: =F66 -> 45477.719 | G67: 1.191
A68: PROREP (L) | B68: {=IF(ISBLANK(A68),"",IF(A68="PROREP (L)",VLOOKUP(LEFT($A68,6),'Data Feed (40C)'!$A$1:$G$10,2,FALSE),IF(A68="PROREP (S)", INDEX('Data Feed (40C)'!B:B, MATCH(LEFT($A68,6), 'Data Feed (40C)'!$A$1:$A$10, 0) + 1), VLOOKUP($A68,'Data Feed (40C)'!$A$1:$G$10,2,FALSE))))} -> JKL240702PROREP_40C_sample_1 | C68: {=IF(ISBLANK(A68),"",IF(A68="PROREP (L)",VLOOKUP(LEFT($A68,6),'Data Feed (40C)'!$A$1:$G$10,3,FALSE),IF(A68="PROREP (S)", INDEX('Data Feed (40C)'!C:C, MATCH(LEFT($A68,6), 'Data Feed (40C)'!$A$1:$A$10, 0) + 1, +1), VLOOKUP($A68,'Data Feed (40C)'!$A$1:$G$10,3,FALSE))))} -> Protea repens | D68: {=IF(ISBLANK(A68),"",IF(A68="PROREP (L)",VLOOKUP(LEFT($A68,6),'Data Feed (40C)'!$A$1:$G$10,4,FALSE),IF(A68="PROREP (S)", INDEX('Data Feed (40C)'!D:D, MATCH(LEFT($A68,6), 'Data Feed (40C)'!$A$1:$A$10, 0) + 1, +1), VLOOKUP($A68,'Data Feed (40C)'!$A$1:$G$10,4,FALSE))))} -> 40C | E68: {=IF(ISBLANK(A68),"",IF(A68="PROREP (L)",VLOOKUP(LEFT($A68,6),'Data Feed (40C)'!$A$1:$G$10,7,FALSE),IF(A68="PROREP (S)", INDEX('Data Feed (40C)'!G:G, MATCH(LEFT($A68,6), 'Data Feed (40C)'!$A$1:$A$10, 0) + 1, +1), VLOOKUP($A68,'Data Feed (40C)'!$A$1:$G$10,7,FALSE))))} -> 1 | F68: 45477.72 | G68: 0.486
A69: =A68 -> PROREP (L) | B69: =IF(ISBLANK(A68),"",LEFT(B68,27)&VALUE(RIGHT(B68,1)+1)) -> JKL240702PROREP_40C_sample_2 | C69: =C68 -> Protea repens | D69: =D68 -> 40C | E69: =IF(ISBLANK(A68),"",E68+1) -> 2 | F69: =F68 -> 45477.72 | G69: 0.418
A70: =A69 -> PROREP (L) | B70: =IF(ISBLANK(A68),"",LEFT(B69,27)&VALUE(RIGHT(B69,1)+1)) -> JKL240702PROREP_40C_sample_3 | C70: =C69 -> Protea repens | D70: =D69 -> 40C | E70: =IF(ISBLANK(A68),"",E69+1) -> 3 | F70: =F69 -> 45477.72 | G70: 0.436
A71: =A70 -> PROREP (L) | B71: =IF(ISBLANK(A68),"",LEFT(B70,27)&VALUE(RIGHT(B70,1)+1)) -> JKL240702PROREP_40C_sample_4 | C71: =C70 -> Protea repens | D71: =D70 -> 40C | E71: =IF(ISBLANK(A68),"",E70+1) -> 4 | F71: =F70 -> 45477.72 | G71: 0.231
A72: =A71 -> PROREP (L) | B72: =IF(ISBLANK(A68),"",LEFT(B71,27)&VALUE(RIGHT(B71,1)+1)) -> JKL240702PROREP_40C_sample_5 | C72: =C71 -> Protea repens | D72: =D71 -> 40C | E72: =IF(ISBLANK(A68),"",E71+1) -> 5 | F72: =F71 -> 45477.72 | G72: 0.292
A73: =A72 -> PROREP (L) | B73: =IF(ISBLANK(A68),"",LEFT(B72,27)&VALUE(RIGHT(B72,1)+1)) -> JKL240702PROREP_40C_sample_6 | C73: =C72 -> Protea repens | D73: =D72 -> 40C | E73: =IF(ISBLANK(A68),"",E72+1) -> 6 | F73: =F72 -> 45477.72 | G73: 0.337
A74: PROREP (S) | B74: {=IF(ISBLANK(A74),"",IF(A74="PROREP (L)",VLOOKUP(LEFT($A74,6),'Data Feed (40C)'!$A$1:$G$10,2,FALSE),IF(A74="PROREP (S)", INDEX('Data Feed (40C)'!B:B, MATCH(LEFT($A74,6), 'Data Feed (40C)'!$A$1:$A$10, 0) + 1), VLOOKUP($A74,'Data Feed (40C)'!$A$1:$G$10,2,FALSE))))} -> JKS240702PROREP_40C_sample_1 | C74: {=IF(ISBLANK(A74),"",IF(A74="PROREP (L)",VLOOKUP(LEFT($A74,6),'Data Feed (40C)'!$A$1:$G$10,3,FALSE),IF(A74="PROREP (S)", INDEX('Data Feed (40C)'!C:C, MATCH(LEFT($A74,6), 'Data Feed (40C)'!$A$1:$A$10, 0) + 1, +1), VLOOKUP($A74,'Data Feed (40C)'!$A$1:$G$10,3,FALSE))))} -> Protea repens | D74: {=IF(ISBLANK(A74),"",IF(A74="PROREP (L)",VLOOKUP(LEFT($A74,6),'Data Feed (40C)'!$A$1:$G$10,4,FALSE),IF(A74="PROREP (S)", INDEX('Data Feed (40C)'!D:D, MATCH(LEFT($A74,6), 'Data Feed (40C)'!$A$1:$A$10, 0) + 1, +1), VLOOKUP($A74,'Data Feed (40C)'!$A$1:$G$10,4,FALSE))))} -> 40C | E74: {=IF(ISBLANK(A74),"",IF(A74="PROREP (L)",VLOOKUP(LEFT($A74,6),'Data Feed (40C)'!$A$1:$G$10,7,FALSE),IF(A74="PROREP (S)", INDEX('Data Feed (40C)'!G:G, MATCH(LEFT($A74,6), 'Data Feed (40C)'!$A$1:$A$10, 0) + 1, +1), VLOOKUP($A74,'Data Feed (40C)'!$A$1:$G$10,7,FALSE))))} -> 1 | F74: 45477.722 | G74: 6.224
A75: =A74 -> PROREP (S) | B75: =IF(ISBLANK(A74),"",LEFT(B74,27)&VALUE(RIGHT(B74,1)+1)) -> JKS240702PROREP_40C_sample_2 | C75: =C74 -> Protea repens | D75: =D74 -> 40C | E75: =IF(ISBLANK(A74),"",E74+1) -> 2 | F75: =F74 -> 45477.722 | G75: 9.736
A76: =A75 -> PROREP (S) | B76: =IF(ISBLANK(A74),"",LEFT(B75,27)&VALUE(RIGHT(B75,1)+1)) -> JKS240702PROREP_40C_sample_3 | C76: =C75 -> Protea repens | D76: =D75 -> 40C | E76: =IF(ISBLANK(A74),"",E75+1) -> 3 | F76: =F75 -> 45477.722 | G76: 3.892
A77: =A76 -> PROREP (S) | B77: =IF(ISBLANK(A74),"",LEFT(B76,27)&VALUE(RIGHT(B76,1)+1)) -> JKS240702PROREP_40C_sample_4 | C77: =C76 -> Protea repens | D77: =D76 -> 40C | E77: =IF(ISBLANK(A74),"",E76+1) -> 4 | F77: =F76 -> 45477.722 | G77: 1.621
A78: =A77 -> PROREP (S) | B78: =IF(ISBLANK(A74),"",LEFT(B77,27)&VALUE(RIGHT(B77,1)+1)) -> JKS240702PROREP_40C_sample_5 | C78: =C77 -> Protea repens | D78: =D77 -> 40C | E78: =IF(ISBLANK(A74),"",E77+1) -> 5 | F78: =F77 -> 45477.722 | G78: 6.372
A79: =A78 -> PROREP (S) | B79: =IF(ISBLANK(A74),"",LEFT(B78,27)&VALUE(RIGHT(B78,1)+1)) -> JKS240702PROREP_40C_sample_6 | C79: =C78 -> Protea repens | D79: =D78 -> 40C | E79: =IF(ISBLANK(A74),"",E78+1) -> 6 | F79: =F78 -> 45477.722 | G79: 9.266
A80: ERIMON | B80: {=IF(ISBLANK(A80),"",IF(A80="PROREP (L)",VLOOKUP(LEFT($A80,6),'Data Feed (40C)'!$A$1:$G$10,2,FALSE),IF(A80="PROREP (S)", INDEX('Data Feed (40C)'!B:B, MATCH(LEFT($A80,6), 'Data Feed (40C)'!$A$1:$A$10, 0) + 1), VLOOKUP($A80,'Data Feed (40C)'!$A$1:$G$10,2,FALSE))))} -> JKS240702ERIMON_40C_sample_1 | C80: {=IF(ISBLANK(A80),"",IF(A80="PROREP (L)",VLOOKUP(LEFT($A80,6),'Data Feed (40C)'!$A$1:$G$10,3,FALSE),IF(A80="PROREP (S)", INDEX('Data Feed (40C)'!C:C, MATCH(LEFT($A80,6), 'Data Feed (40C)'!$A$1:$A$10, 0) + 1, +1), VLOOKUP($A80,'Data Feed (40C)'!$A$1:$G$10,3,FALSE))))} -> Erica monsoniana | D80: {=IF(ISBLANK(A80),"",IF(A80="PROREP (L)",VLOOKUP(LEFT($A80,6),'Data Feed (40C)'!$A$1:$G$10,4,FALSE),IF(A80="PROREP (S)", INDEX('Data Feed (40C)'!D:D, MATCH(LEFT($A80,6), 'Data Feed (40C)'!$A$1:$A$10, 0) + 1, +1), VLOOKUP($A80,'Data Feed (40C)'!$A$1:$G$10,4,FALSE))))} -> 40C | E80: {=IF(ISBLANK(A80),"",IF(A80="PROREP (L)",VLOOKUP(LEFT($A80,6),'Data Feed (40C)'!$A$1:$G$10,7,FALSE),IF(A80="PROREP (S)", INDEX('Data Feed (40C)'!G:G, MATCH(LEFT($A80,6), 'Data Feed (40C)'!$A$1:$A$10, 0) + 1, +1), VLOOKUP($A80,'Data Feed (40C)'!$A$1:$G$10,7,FALSE))))} -> 1 | F80: 45477.751 | G80: 0.945
A81: =A80 -> ERIMON | B81: =IF(ISBLANK(A80),"",LEFT(B80,27)&VALUE(RIGHT(B80,1)+1)) -> JKS240702ERIMON_40C_sample_2 | C81: =C80 -> Erica monsoniana | D81: =D80 -> 40C | E81: =IF(ISBLANK(A80),"",E80+1) -> 2 | F81: =F80 -> 45477.751 | G81: 0.985
A82: =A81 -> ERIMON | B82: =IF(ISBLANK(A80),"",LEFT(B81,27)&VALUE(RIGHT(B81,1)+1)) -> JKS240702ERIMON_40C_sample_3 | C82: =C81 -> Erica monsoniana | D82: =D81 -> 40C | E82: =IF(ISBLANK(A80),"",E81+1) -> 3 | F82: =F81 -> 45477.751 | G82: 0.843
A83: =A82 -> ERIMON | B83: =IF(ISBLANK(A80),"",LEFT(B82,27)&VALUE(RIGHT(B82,1)+1)) -> JKS240702ERIMON_40C_sample_4 | C83: =C82 -> Erica monsoniana | D83: =D82 -> 40C | E83: =IF(ISBLANK(A80),"",E82+1) -> 4 | F83: =F82 -> 45477.751 | G83: 2.027
A84: =A83 -> ERIMON | B84: =IF(ISBLANK(A80),"",LEFT(B83,27)&VALUE(RIGHT(B83,1)+1)) -> JKS240702ERIMON_40C_sample_5 | C84: =C83 -> Erica monsoniana | D84: =D83 -> 40C | E84: =IF(ISBLANK(A80),"",E83+1) -> 5 | F84: =F83 -> 45477.751 | G84: 0.723
A85: =A84 -> ERIMON | B85: =IF(ISBLANK(A80),"",LEFT(B84,27)&VALUE(RIGHT(B84,1)+1)) -> JKS240702ERIMON_40C_sample_6 | C85: =C84 -> Erica monsoniana | D85: =D84 -> 40C | E85: =IF(ISBLANK(A80),"",E84+1) -> 6 | F85: =F84 -> 45477.751 | G85: 1.155
A86: PROREP (L) | B86: {=IF(ISBLANK(A86),"",IF(A86="PROREP (L)",VLOOKUP(LEFT($A86,6),'Data Feed (40C)'!$A$1:$G$10,2,FALSE),IF(A86="PROREP (S)", INDEX('Data Feed (40C)'!B:B, MATCH(LEFT($A86,6), 'Data Feed (40C)'!$A$1:$A$10, 0) + 1), VLOOKUP($A86,'Data Feed (40C)'!$A$1:$G$10,2,FALSE))))} -> JKL240702PROREP_40C_sample_1 | C86: {=IF(ISBLANK(A86),"",IF(A86="PROREP (L)",VLOOKUP(LEFT($A86,6),'Data Feed (40C)'!$A$1:$G$10,3,FALSE),IF(A86="PROREP (S)", INDEX('Data Feed (40C)'!C:C, MATCH(LEFT($A86,6), 'Data Feed (40C)'!$A$1:$A$10, 0) + 1, +1), VLOOKUP($A86,'Data Feed (40C)'!$A$1:$G$10,3,FALSE))))} -> Protea repens | D86: {=IF(ISBLANK(A86),"",IF(A86="PROREP (L)",VLOOKUP(LEFT($A86,6),'Data Feed (40C)'!$A$1:$G$10,4,FALSE),IF(A86="PROREP (S)", INDEX('Data Feed (40C)'!D:D, MATCH(LEFT($A86,6), 'Data Feed (40C)'!$A$1:$A$10, 0) + 1, +1), VLOOKUP($A86,'Data Feed (40C)'!$A$1:$G$10,4,FALSE))))} -> 40C | E86: {=IF(ISBLANK(A86),"",IF(A86="PROREP (L)",VLOOKUP(LEFT($A86,6),'Data Feed (40C)'!$A$1:$G$10,7,FALSE),IF(A86="PROREP (S)", INDEX('Data Feed (40C)'!G:G, MATCH(LEFT($A86,6), 'Data Feed (40C)'!$A$1:$A$10, 0) + 1, +1), VLOOKUP($A86,'Data Feed (40C)'!$A$1:$G$10,7,FALSE))))} -> 1 | F86: 45477.752 | G86: 0.471
A87: =A86 -> PROREP (L) | B87: =IF(ISBLANK(A86),"",LEFT(B86,27)&VALUE(RIGHT(B86,1)+1)) -> JKL240702PROREP_40C_sample_2 | C87: =C86 -> Protea repens | D87: =D86 -> 40C | E87: =IF(ISBLANK(A86),"",E86+1) -> 2 | F87: =F86 -> 45477.752 | G87: 0.395
A88: =A87 -> PROREP (L) | B88: =IF(ISBLANK(A86),"",LEFT(B87,27)&VALUE(RIGHT(B87,1)+1)) -> JKL240702PROREP_40C_sample_3 | C88: =C87 -> Protea repens | D88: =D87 -> 40C | E88: =IF(ISBLANK(A86),"",E87+1) -> 3 | F88: =F87 -> 45477.752 | G88: 0.402
A89: =A88 -> PROREP (L) | B89: =IF(ISBLANK(A86),"",LEFT(B88,27)&VALUE(RIGHT(B88,1)+1)) -> JKL240702PROREP_40C_sample_4 | C89: =C88 -> Protea repens | D89: =D88 -> 40C | E89: =IF(ISBLANK(A86),"",E88+1) -> 4 | F89: =F88 -> 45477.752 | G89: 0.221
A90: =A89 -> PROREP (L) | B90: =IF(ISBLANK(A86),"",LEFT(B89,27)&VALUE(RIGHT(B89,1)+1)) -> JKL240702PROREP_40C_sample_5 | C90: =C89 -> Protea repens | D90: =D89 -> 40C | E90: =IF(ISBLANK(A86),"",E89+1) -> 5 | F90: =F89 -> 45477.752 | G90: 0.281
A91: =A90 -> PROREP (L) | B91: =IF(ISBLANK(A86),"",LEFT(B90,27)&VALUE(RIGHT(B90,1)+1)) -> JKL240702PROREP_40C_sample_6 | C91: =C90 -> Protea repens | D91: =D90 -> 40C | E91: =IF(ISBLANK(A86),"",E90+1) -> 6 | F91: =F90 -> 45477.752 | G91: 0.308
A92: PROREP (S) | B92: {=IF(ISBLANK(A92),"",IF(A92="PROREP (L)",VLOOKUP(LEFT($A92,6),'Data Feed (40C)'!$A$1:$G$10,2,FALSE),IF(A92="PROREP (S)", INDEX('Data Feed (40C)'!B:B, MATCH(LEFT($A92,6), 'Data Feed (40C)'!$A$1:$A$10, 0) + 1), VLOOKUP($A92,'Data Feed (40C)'!$A$1:$G$10,2,FALSE))))} -> JKS240702PROREP_40C_sample_1 | C92: {=IF(ISBLANK(A92),"",IF(A92="PROREP (L)",VLOOKUP(LEFT($A92,6),'Data Feed (40C)'!$A$1:$G$10,3,FALSE),IF(A92="PROREP (S)", INDEX('Data Feed (40C)'!C:C, MATCH(LEFT($A92,6), 'Data Feed (40C)'!$A$1:$A$10, 0) + 1, +1), VLOOKUP($A92,'Data Feed (40C)'!$A$1:$G$10,3,FALSE))))} -> Protea repens | D92: {=IF(ISBLANK(A92),"",IF(A92="PROREP (L)",VLOOKUP(LEFT($A92,6),'Data Feed (40C)'!$A$1:$G$10,4,FALSE),IF(A92="PROREP (S)", INDEX('Data Feed (40C)'!D:D, MATCH(LEFT($A92,6), 'Data Feed (40C)'!$A$1:$A$10, 0) + 1, +1), VLOOKUP($A92,'Data Feed (40C)'!$A$1:$G$10,4,FALSE))))} -> 40C | E92: {=IF(ISBLANK(A92),"",IF(A92="PROREP (L)",VLOOKUP(LEFT($A92,6),'Data Feed (40C)'!$A$1:$G$10,7,FALSE),IF(A92="PROREP (S)", INDEX('Data Feed (40C)'!G:G, MATCH(LEFT($A92,6), 'Data Feed (40C)'!$A$1:$A$10, 0) + 1, +1), VLOOKUP($A92,'Data Feed (40C)'!$A$1:$G$10,7,FALSE))))} -> 1 | F92: 45477.753 | G92: 6.007
A93: =A92 -> PROREP (S) | B93: =IF(ISBLANK(A92),"",LEFT(B92,27)&VALUE(RIGHT(B92,1)+1)) -> JKS240702PROREP_40C_sample_2 | C93: =C92 -> Protea repens | D93: =D92 -> 40C | E93: =IF(ISBLANK(A92),"",E92+1) -> 2 | F93: =F92 -> 45477.753 | G93: 9.367
A94: =A93 -> PROREP (S) | B94: =IF(ISBLANK(A92),"",LEFT(B93,27)&VALUE(RIGHT(B93,1)+1)) -> JKS240702PROREP_40C_sample_3 | C94: =C93 -> Protea repens | D94: =D93 -> 40C | E94: =IF(ISBLANK(A92),"",E93+1) -> 3 | F94: =F93 -> 45477.753 | G94: 3.678
A95: =A94 -> PROREP (S) | B95: =IF(ISBLANK(A92),"",LEFT(B94,27)&VALUE(RIGHT(B94,1)+1)) -> JKS240702PROREP_40C_sample_4 | C95: =C94 -> Protea repens | D95: =D94 -> 40C | E95: =IF(ISBLANK(A92),"",E94+1) -> 4 | F95: =F94 -> 45477.753 | G95: 1.573
A96: =A95 -> PROREP (S) | B96: =IF(ISBLANK(A92),"",LEFT(B95,27)&VALUE(RIGHT(B95,1)+1)) -> JKS240702PROREP_40C_sample_5 | C96: =C95 -> Protea repens | D96: =D95 -> 40C | E96: =IF(ISBLANK(A92),"",E95+1) -> 5 | F96: =F95 -> 45477.753 | G96: 6.107
A97: =A96 -> PROREP (S) | B97: =IF(ISBLANK(A92),"",LEFT(B96,27)&VALUE(RIGHT(B96,1)+1)) -> JKS240702PROREP_40C_sample_6 | C97: =C96 -> Protea repens | D97: =D96 -> 40C | E97: =IF(ISBLANK(A92),"",E96+1) -> 6 | F97: =F96 -> 45477.753 | G97: 8.961
A98: CANCON | B98: {=IF(ISBLANK(A98),"",IF(A98="PROREP (L)",VLOOKUP(LEFT($A98,6),'Data Feed (40C)'!$A$1:$G$10,2,FALSE),IF(A98="PROREP (S)", INDEX('Data Feed (40C)'!B:B, MATCH(LEFT($A98,6), 'Data Feed (40C)'!$A$1:$A$10, 0) + 1), VLOOKUP($A98,'Data Feed (40C)'!$A$1:$G$10,2,FALSE))))} -> JKS240702CANCON_40C_sample_1 | C98: {=IF(ISBLANK(A98),"",IF(A98="PROREP (L)",VLOOKUP(LEFT($A98,6),'Data Feed (40C)'!$A$1:$G$10,3,FALSE),IF(A98="PROREP (S)", INDEX('Data Feed (40C)'!C:C, MATCH(LEFT($A98,6), 'Data Feed (40C)'!$A$1:$A$10, 0) + 1, +1), VLOOKUP($A98,'Data Feed (40C)'!$A$1:$G$10,3,FALSE))))} -> Cannomois congesta | D98: {=IF(ISBLANK(A98),"",IF(A98="PROREP (L)",VLOOKUP(LEFT($A98,6),'Data Feed (40C)'!$A$1:$G$10,4,FALSE),IF(A98="PROREP (S)", INDEX('Data Feed (40C)'!D:D, MATCH(LEFT($A98,6), 'Data Feed (40C)'!$A$1:$A$10, 0) + 1, +1), VLOOKUP($A98,'Data Feed (40C)'!$A$1:$G$10,4,FALSE))))} -> 40C | E98: {=IF(ISBLANK(A98),"",IF(A98="PROREP (L)",VLOOKUP(LEFT($A98,6),'Data Feed (40C)'!$A$1:$G$10,7,FALSE),IF(A98="PROREP (S)", INDEX('Data Feed (40C)'!G:G, MATCH(LEFT($A98,6), 'Data Feed (40C)'!$A$1:$A$10, 0) + 1, +1), VLOOKUP($A98,'Data Feed (40C)'!$A$1:$G$10,7,FALSE))))} -> 1 | F98: 45477.755 | G98: 0.995
A99: =A98 -> CANCON | B99: =IF(ISBLANK(A98),"",LEFT(B98,27)&VALUE(RIGHT(B98,1)+1)) -> JKS240702CANCON_40C_sample_2 | C99: =C98 -> Cannomois congesta | D99: =D98 -> 40C | E99: =IF(ISBLANK(A98),"",E98+1) -> 2 | F99: =F98 -> 45477.755 | G99: 2.058
A100: =A99 -> CANCON | B100: =IF(ISBLANK(A98),"",LEFT(B99,27)&VALUE(RIGHT(B99,1)+1)) -> JKS240702CANCON_40C_sample_3 | C100: =C99 -> Cannomois congesta | D100: =D99 -> 40C | E100: =IF(ISBLANK(A98),"",E99+1) -> 3 | F100: =F99 -> 45477.755 | G100: 1.084
...

Sheet 35C
A1: GENSPP | B1: ID_Code | C1: Species | D1: Treat | E1: Sample_no | F1: Date_Time | G1: Weight
A2: ERIMON | B2: {=IF(ISBLANK(A2),"",IF(A2="PROREP (L)",VLOOKUP(LEFT($A2,6),'Data Feed (35C)'!$A$1:$G$10,2,FALSE),IF(A2="PROREP (S)", INDEX('Data Feed (35C)'!B:B, MATCH(LEFT($A2,6), 'Data Feed (35C)'!$A$1:$A$10, 0) + 1), VLOOKUP($A2,'Data Feed (35C)'!$A$1:$G$10,2,FALSE))))} -> JKS240702ERIMON_35C_sample_1 | C2: {=IF(ISBLANK(A2),"",IF(A2="PROREP (L)",VLOOKUP(LEFT($A2,6),'Data Feed (35C)'!$A$1:$G$10,3,FALSE),IF(A2="PROREP (S)", INDEX('Data Feed (35C)'!C:C, MATCH(LEFT($A2,6), 'Data Feed (35C)'!$A$1:$A$10, 0) + 1, +1), VLOOKUP($A2,'Data Feed (35C)'!$A$1:$G$10,3,FALSE))))} -> Erica monsoniana | D2: {=IF(ISBLANK(A2),"",IF(A2="PROREP (L)",VLOOKUP(LEFT($A2,6),'Data Feed (35C)'!$A$1:$G$10,4,FALSE),IF(A2="PROREP (S)", INDEX('Data Feed (35C)'!D:D, MATCH(LEFT($A2,6), 'Data Feed (35C)'!$A$1:$A$10, 0) + 1, +1), VLOOKUP($A2,'Data Feed (35C)'!$A$1:$G$10,4,FALSE))))} -> 35C | E2: {=IF(ISBLANK(A2),"",IF(A2="PROREP (L)",VLOOKUP(LEFT($A2,6),'Data Feed (35C)'!$A$1:$G$10,7,FALSE),IF(A2="PROREP (S)", INDEX('Data Feed (35C)'!G:G, MATCH(LEFT($A2,6), 'Data Feed (35C)'!$A$1:$A$10, 0) + 1, +1), VLOOKUP($A2,'Data Feed (35C)'!$A$1:$G$10,7,FALSE))))} -> 1 | F2: 45477.524 | G2: 4.059
A3: =A2 -> ERIMON | B3: =IF(ISBLANK(A2),"",LEFT(B2,27)&VALUE(RIGHT(B2,1)+1)) -> JKS240702ERIMON_35C_sample_2 | C3: =C2 -> Erica monsoniana | D3: =D2 -> 35C | E3: =IF(ISBLANK(A2),"",E2+1) -> 2 | F3: =F2 -> 45477.524 | G3: 2.262
A4: =A3 -> ERIMON | B4: =IF(ISBLANK(A2),"",LEFT(B3,27)&VALUE(RIGHT(B3,1)+1)) -> JKS240702ERIMON_35C_sample_3 | C4: =C3 -> Erica monsoniana | D4: =D3 -> 35C | E4: =IF(ISBLANK(A2),"",E3+1) -> 3 | F4: =F3 -> 45477.524 | G4: 0.75
A5: =A4 -> ERIMON | B5: =IF(ISBLANK(A2),"",LEFT(B4,27)&VALUE(RIGHT(B4,1)+1)) -> JKS240702ERIMON_35C_sample_4 | C5: =C4 -> Erica monsoniana | D5: =D4 -> 35C | E5: =IF(ISBLANK(A2),"",E4+1) -> 4 | F5: =F4 -> 45477.524 | G5: 1.219
A6: =A5 -> ERIMON | B6: =IF(ISBLANK(A2),"",LEFT(B5,27)&VALUE(RIGHT(B5,1)+1)) -> JKS240702ERIMON_35C_sample_5 | C6: =C5 -> Erica monsoniana | D6: =D5 -> 35C | E6: =IF(ISBLANK(A2),"",E5+1) -> 5 | F6: =F5 -> 45477.524 | G6: 3.436
A7: =A6 -> ERIMON | B7: =IF(ISBLANK(A2),"",LEFT(B6,27)&VALUE(RIGHT(B6,1)+1)) -> JKS240702ERIMON_35C_sample_6 | C7: =C6 -> Erica monsoniana | D7: =D6 -> 35C | E7: =IF(ISBLANK(A2),"",E6+1) -> 6 | F7: =F6 -> 45477.524 | G7: 1.146
A8: PROREP (L) | B8: {=IF(ISBLANK(A8),"",IF(A8="PROREP (L)",VLOOKUP(LEFT($A8,6),'Data Feed (35C)'!$A$1:$G$10,2,FALSE),IF(A8="PROREP (S)", INDEX('Data Feed (35C)'!B:B, MATCH(LEFT($A8,6), 'Data Feed (35C)'!$A$1:$A$10, 0) + 1), VLOOKUP($A8,'Data Feed (35C)'!$A$1:$G$10,2,FALSE))))} -> JKL240702PROREP_35C_sample_1 | C8: {=IF(ISBLANK(A8),"",IF(A8="PROREP (L)",VLOOKUP(LEFT($A8,6),'Data Feed (35C)'!$A$1:$G$10,3,FALSE),IF(A8="PROREP (S)", INDEX('Data Feed (35C)'!C:C, MATCH(LEFT($A8,6), 'Data Feed (35C)'!$A$1:$A$10, 0) + 1, +1), VLOOKUP($A8,'Data Feed (35C)'!$A$1:$G$10,3,FALSE))))} -> Protea repens | D8: {=IF(ISBLANK(A8),"",IF(A8="PROREP (L)",VLOOKUP(LEFT($A8,6),'Data Feed (35C)'!$A$1:$G$10,4,FALSE),IF(A8="PROREP (S)", INDEX('Data Feed (35C)'!D:D, MATCH(LEFT($A8,6), 'Data Feed (35C)'!$A$1:$A$10, 0) + 1, +1), VLOOKUP($A8,'Data Feed (35C)'!$A$1:$G$10,4,FALSE))))} -> 35C | E8: {=IF(ISBLANK(A8),"",IF(A8="PROREP (L)",VLOOKUP(LEFT($A8,6),'Data Feed (35C)'!$A$1:$G$10,7,FALSE),IF(A8="PROREP (S)", INDEX('Data Feed (35C)'!G:G, MATCH(LEFT($A8,6), 'Data Feed (35C)'!$A$1:$A$10, 0) + 1, +1), VLOOKUP($A8,'Data Feed (35C)'!$A$1:$G$10,7,FALSE))))} -> 1 | F8: 45477.572 | G8: 0.526
A9: =A8 -> PROREP (L) | B9: =IF(ISBLANK(A8),"",LEFT(B8,27)&VALUE(RIGHT(B8,1)+1)) -> JKL240702PROREP_35C_sample_2 | C9: =C8 -> Protea repens | D9: =D8 -> 35C | E9: =IF(ISBLANK(A8),"",E8+1) -> 2 | F9: =F8 -> 45477.572 | G9: 0.608
A10: =A9 -> PROREP (L) | B10: =IF(ISBLANK(A8),"",LEFT(B9,27)&VALUE(RIGHT(B9,1)+1)) -> JKL240702PROREP_35C_sample_3 | C10: =C9 -> Protea repens | D10: =D9 -> 35C | E10: =IF(ISBLANK(A8),"",E9+1) -> 3 | F10: =F9 -> 45477.572 | G10: 0.809
A11: =A10 -> PROREP (L) | B11: =IF(ISBLANK(A8),"",LEFT(B10,27)&VALUE(RIGHT(B10,1)+1)) -> JKL240702PROREP_35C_sample_4 | C11: =C10 -> Protea repens | D11: =D10 -> 35C | E11: =IF(ISBLANK(A8),"",E10+1) -> 4 | F11: =F10 -> 45477.572 | G11: 0.531
A12: =A11 -> PROREP (L) | B12: =IF(ISBLANK(A8),"",LEFT(B11,27)&VALUE(RIGHT(B11,1)+1)) -> JKL240702PROREP_35C_sample_5 | C12: =C11 -> Protea repens | D12: =D11 -> 35C | E12: =IF(ISBLANK(A8),"",E11+1) -> 5 | F12: =F11 -> 45477.572 | G12: 0.465
A13: =A12 -> PROREP (L) | B13: =IF(ISBLANK(A8),"",LEFT(B12,27)&VALUE(RIGHT(B12,1)+1)) -> JKL240702PROREP_35C_sample_6 | C13: =C12 -> Protea repens | D13: =D12 -> 35C | E13: =IF(ISBLANK(A8),"",E12+1) -> 6 | F13: =F12 -> 45477.572 | G13: 0.397
A14: ERIMON | B14: {=IF(ISBLANK(A14),"",IF(A14="PROREP (L)",VLOOKUP(LEFT($A14,6),'Data Feed (35C)'!$A$1:$G$10,2,FALSE),IF(A14="PROREP (S)", INDEX('Data Feed (35C)'!B:B, MATCH(LEFT($A14,6), 'Data Feed (35C)'!$A$1:$A$10, 0) + 1), VLOOKUP($A14,'Data Feed (35C)'!$A$1:$G$10,2,FALSE))))} -> JKS240702ERIMON_35C_sample_1 | C14: {=IF(ISBLANK(A14),"",IF(A14="PROREP (L)",VLOOKUP(LEFT($A14,6),'Data Feed (35C)'!$A$1:$G$10,3,FALSE),IF(A14="PROREP (S)", INDEX('Data Feed (35C)'!C:C, MATCH(LEFT($A14,6), 'Data Feed (35C)'!$A$1:$A$10, 0) + 1, +1), VLOOKUP($A14,'Data Feed (35C)'!$A$1:$G$10,3,FALSE))))} -> Erica monsoniana | D14: {=IF(ISBLANK(A14),"",IF(A14="PROREP (L)",VLOOKUP(LEFT($A14,6),'Data Feed (35C)'!$A$1:$G$10,4,FALSE),IF(A14="PROREP (S)", INDEX('Data Feed (35C)'!D:D, MATCH(LEFT($A14,6), 'Data Feed (35C)'!$A$1:$A$10, 0) + 1, +1), VLOOKUP($A14,'Data Feed (35C)'!$A$1:$G$10,4,FALSE))))} -> 35C | E14: {=IF(ISBLANK(A14),"",IF(A14="PROREP (L)",VLOOKUP(LEFT($A14,6),'Data Feed (35C)'!$A$1:$G$10,7,FALSE),IF(A14="PROREP (S)", INDEX('Data Feed (35C)'!G:G, MATCH(LEFT($A14,6), 'Data Feed (35C)'!$A$1:$A$10, 0) + 1, +1), VLOOKUP($A14,'Data Feed (35C)'!$A$1:$G$10,7,FALSE))))} -> 1 | F14: 45477.576 | G14: 3.677
A15: =A14 -> ERIMON | B15: =IF(ISBLANK(A14),"",LEFT(B14,27)&VALUE(RIGHT(B14,1)+1)) -> JKS240702ERIMON_35C_sample_2 | C15: =C14 -> Erica monsoniana | D15: =D14 -> 35C | E15: =IF(ISBLANK(A14),"",E14+1) -> 2 | F15: =F14 -> 45477.576 | G15: 2.045
A16: =A15 -> ERIMON | B16: =IF(ISBLANK(A14),"",LEFT(B15,27)&VALUE(RIGHT(B15,1)+1)) -> JKS240702ERIMON_35C_sample_3 | C16: =C15 -> Erica monsoniana | D16: =D15 -> 35C | E16: =IF(ISBLANK(A14),"",E15+1) -> 3 | F16: =F15 -> 45477.576 | G16: 0.668
A17: =A16 -> ERIMON | B17: =IF(ISBLANK(A14),"",LEFT(B16,27)&VALUE(RIGHT(B16,1)+1)) -> JKS240702ERIMON_35C_sample_4 | C17: =C16 -> Erica monsoniana | D17: =D16 -> 35C | E17: =IF(ISBLANK(A14),"",E16+1) -> 4 | F17: =F16 -> 45477.576 | G17: 1.113
A18: =A17 -> ERIMON | B18: =IF(ISBLANK(A14),"",LEFT(B17,27)&VALUE(RIGHT(B17,1)+1)) -> JKS240702ERIMON_35C_sample_5 | C18: =C17 -> Erica monsoniana | D18: =D17 -> 35C | E18: =IF(ISBLANK(A14),"",E17+1) -> 5 | F18: =F17 -> 45477.576 | G18: 3.155
A19: =A18 -> ERIMON | B19: =IF(ISBLANK(A14),"",LEFT(B18,27)&VALUE(RIGHT(B18,1)+1)) -> JKS240702ERIMON_35C_sample_6 | C19: =C18 -> Erica monsoniana | D19: =D18 -> 35C | E19: =IF(ISBLANK(A14),"",E18+1) -> 6 | F19: =F18 -> 45477.576 | G19: 1.026
A20: PROREP (S) | B20: {=IF(ISBLANK(A20),"",IF(A20="PROREP (L)",VLOOKUP(LEFT($A20,6),'Data Feed (35C)'!$A$1:$G$10,2,FALSE),IF(A20="PROREP (S)", INDEX('Data Feed (35C)'!B:B, MATCH(LEFT($A20,6), 'Data Feed (35C)'!$A$1:$A$10, 0) + 1), VLOOKUP($A20,'Data Feed (35C)'!$A$1:$G$10,2,FALSE))))} -> JKS240702PROREP_35C_sample_1 | C20: {=IF(ISBLANK(A20),"",IF(A20="PROREP (L)",VLOOKUP(LEFT($A20,6),'Data Feed (35C)'!$A$1:$G$10,3,FALSE),IF(A20="PROREP (S)", INDEX('Data Feed (35C)'!C:C, MATCH(LEFT($A20,6), 'Data Feed (35C)'!$A$1:$A$10, 0) + 1, +1), VLOOKUP($A20,'Data Feed (35C)'!$A$1:$G$10,3,FALSE))))} -> Protea repens | D20: {=IF(ISBLANK(A20),"",IF(A20="PROREP (L)",VLOOKUP(LEFT($A20,6),'Data Feed (35C)'!$A$1:$G$10,4,FALSE),IF(A20="PROREP (S)", INDEX('Data Feed (35C)'!D:D, MATCH(LEFT($A20,6), 'Data Feed (35C)'!$A$1:$A$10, 0) + 1, +1), VLOOKUP($A20,'Data Feed (35C)'!$A$1:$G$10,4,FALSE))))} -> 35C | E20: {=IF(ISBLANK(A20),"",IF(A20="PROREP (L)",VLOOKUP(LEFT($A20,6),'Data Feed (35C)'!$A$1:$G$10,7,FALSE),IF(A20="PROREP (S)", INDEX('Data Feed (35C)'!G:G, MATCH(LEFT($A20,6), 'Data Feed (35C)'!$A$1:$A$10, 0) + 1, +1), VLOOKUP($A20,'Data Feed (35C)'!$A$1:$G$10,7,FALSE))))} -> 1 | F20: 45477.609 | G20: 10.06
A21: =A20 -> PROREP (S) | B21: =IF(ISBLANK(A20),"",LEFT(B20,27)&VALUE(RIGHT(B20,1)+1)) -> JKS240702PROREP_35C_sample_2 | C21: =C20 -> Protea repens | D21: =D20 -> 35C | E21: =IF(ISBLANK(A20),"",E20+1) -> 2 | F21: =F20 -> 45477.609 | G21: 19.412
A22: =A21 -> PROREP (S) | B22: =IF(ISBLANK(A20),"",LEFT(B21,27)&VALUE(RIGHT(B21,1)+1)) -> JKS240702PROREP_35C_sample_3 | C22: =C21 -> Protea repens | D22: =D21 -> 35C | E22: =IF(ISBLANK(A20),"",E21+1) -> 3 | F22: =F21 -> 45477.609 | G22: 19.631
A23: =A22 -> PROREP (S) | B23: =IF(ISBLANK(A20),"",LEFT(B22,27)&VALUE(RIGHT(B22,1)+1)) -> JKS240702PROREP_35C_sample_4 | C23: =C22 -> Protea repens | D23: =D22 -> 35C | E23: =IF(ISBLANK(A20),"",E22+1) -> 4 | F23: =F22 -> 45477.609 | G23: 4.052
A24: =A23 -> PROREP (S) | B24: =IF(ISBLANK(A20),"",LEFT(B23,27)&VALUE(RIGHT(B23,1)+1)) -> JKS240702PROREP_35C_sample_5 | C24: =C23 -> Protea repens | D24: =D23 -> 35C | E24: =IF(ISBLANK(A20),"",E23+1) -> 5 | F24: =F23 -> 45477.609 | G24: 5.8
A25: =A24 -> PROREP (S) | B25: =IF(ISBLANK(A20),"",LEFT(B24,27)&VALUE(RIGHT(B24,1)+1)) -> JKS240702PROREP_35C_sample_6 | C25: =C24 -> Protea repens | D25: =D24 -> 35C | E25: =IF(ISBLANK(A20),"",E24+1) -> 6 | F25: =F24 -> 45477.609 | G25: 7.801
A26: ERIMON | B26: {=IF(ISBLANK(A26),"",IF(A26="PROREP (L)",VLOOKUP(LEFT($A26,6),'Data Feed (35C)'!$A$1:$G$10,2,FALSE),IF(A26="PROREP (S)", INDEX('Data Feed (35C)'!B:B, MATCH(LEFT($A26,6), 'Data Feed (35C)'!$A$1:$A$10, 0) + 1), VLOOKUP($A26,'Data Feed (35C)'!$A$1:$G$10,2,FALSE))))} -> JKS240702ERIMON_35C_sample_1 | C26: {=IF(ISBLANK(A26),"",IF(A26="PROREP (L)",VLOOKUP(LEFT($A26,6),'Data Feed (35C)'!$A$1:$G$10,3,FALSE),IF(A26="PROREP (S)", INDEX('Data Feed (35C)'!C:C, MATCH(LEFT($A26,6), 'Data Feed (35C)'!$A$1:$A$10, 0) + 1, +1), VLOOKUP($A26,'Data Feed (35C)'!$A$1:$G$10,3,FALSE))))} -> Erica monsoniana | D26: {=IF(ISBLANK(A26),"",IF(A26="PROREP (L)",VLOOKUP(LEFT($A26,6),'Data Feed (35C)'!$A$1:$G$10,4,FALSE),IF(A26="PROREP (S)", INDEX('Data Feed (35C)'!D:D, MATCH(LEFT($A26,6), 'Data Feed (35C)'!$A$1:$A$10, 0) + 1, +1), VLOOKUP($A26,'Data Feed (35C)'!$A$1:$G$10,4,FALSE))))} -> 35C | E26: {=IF(ISBLANK(A26),"",IF(A26="PROREP (L)",VLOOKUP(LEFT($A26,6),'Data Feed (35C)'!$A$1:$G$10,7,FALSE),IF(A26="PROREP (S)", INDEX('Data Feed (35C)'!G:G, MATCH(LEFT($A26,6), 'Data Feed (35C)'!$A$1:$A$10, 0) + 1, +1), VLOOKUP($A26,'Data Feed (35C)'!$A$1:$G$10,7,FALSE))))} -> 1 | F26: 45477.613 | G26: 3.521
A27: =A26 -> ERIMON | B27: =IF(ISBLANK(A26),"",LEFT(B26,27)&VALUE(RIGHT(B26,1)+1)) -> JKS240702ERIMON_35C_sample_2 | C27: =C26 -> Erica monsoniana | D27: =D26 -> 35C | E27: =IF(ISBLANK(A26),"",E26+1) -> 2 | F27: =F26 -> 45477.613 | G27: 1.97
A28: =A27 -> ERIMON | B28: =IF(ISBLANK(A26),"",LEFT(B27,27)&VALUE(RIGHT(B27,1)+1)) -> JKS240702ERIMON_35C_sample_3 | C28: =C27 -> Erica monsoniana | D28: =D27 -> 35C | E28: =IF(ISBLANK(A26),"",E27+1) -> 3 | F28: =F27 -> 45477.613 | G28: 0.649
A29: =A28 -> ERIMON | B29: =IF(ISBLANK(A26),"",LEFT(B28,27)&VALUE(RIGHT(B28,1)+1)) -> JKS240702ERIMON_35C_sample_4 | C29: =C28 -> Erica monsoniana | D29: =D28 -> 35C | E29: =IF(ISBLANK(A26),"",E28+1) -> 4 | F29: =F28 -> 45477.613 | G29: 1.061
A30: =A29 -> ERIMON | B30: =IF(ISBLANK(A26),"",LEFT(B29,27)&VALUE(RIGHT(B29,1)+1)) -> JKS240702ERIMON_35C_sample_5 | C30: =C29 -> Erica monsoniana | D30: =D29 -> 35C | E30: =IF(ISBLANK(A26),"",E29+1) -> 5 | F30: =F29 -> 45477.613 | G30: 3.015
A31: =A30 -> ERIMON | B31: =IF(ISBLANK(A26),"",LEFT(B30,27)&VALUE(RIGHT(B30,1)+1)) -> JKS240702ERIMON_35C_sample_6 | C31: =C30 -> Erica monsoniana | D31: =D30 -> 35C | E31: =IF(ISBLANK(A26),"",E30+1) -> 6 | F31: =F30 -> 45477.613 | G31: 0.949
A32: PROREP (L) | B32: {=IF(ISBLANK(A32),"",IF(A32="PROREP (L)",VLOOKUP(LEFT($A32,6),'Data Feed (35C)'!$A$1:$G$10,2,FALSE),IF(A32="PROREP (S)", INDEX('Data Feed (35C)'!B:B, MATCH(LEFT($A32,6), 'Data Feed (35C)'!$A$1:$A$10, 0) + 1), VLOOKUP($A32,'Data Feed (35C)'!$A$1:$G$10,2,FALSE))))} -> JKL240702PROREP_35C_sample_1 | C32: {=IF(ISBLANK(A32),"",IF(A32="PROREP (L)",VLOOKUP(LEFT($A32,6),'Data Feed (35C)'!$A$1:$G$10,3,FALSE),IF(A32="PROREP (S)", INDEX('Data Feed (35C)'!C:C, MATCH(LEFT($A32,6), 'Data Feed (35C)'!$A$1:$A$10, 0) + 1, +1), VLOOKUP($A32,'Data Feed (35C)'!$A$1:$G$10,3,FALSE))))} -> Protea repens | D32: {=IF(ISBLANK(A32),"",IF(A32="PROREP (L)",VLOOKUP(LEFT($A32,6),'Data Feed (35C)'!$A$1:$G$10,4,FALSE),IF(A32="PROREP (S)", INDEX('Data Feed (35C)'!D:D, MATCH(LEFT($A32,6), 'Data Feed (35C)'!$A$1:$A$10, 0) + 1, +1), VLOOKUP($A32,'Data Feed (35C)'!$A$1:$G$10,4,FALSE))))} -> 35C | E32: {=IF(ISBLANK(A32),"",IF(A32="PROREP (L)",VLOOKUP(LEFT($A32,6),'Data Feed (35C)'!$A$1:$G$10,7,FALSE),IF(A32="PROREP (S)", INDEX('Data Feed (35C)'!G:G, MATCH(LEFT($A32,6), 'Data Feed (35C)'!$A$1:$A$10, 0) + 1, +1), VLOOKUP($A32,'Data Feed (35C)'!$A$1:$G$10,7,FALSE))))} -> 1 | F32: 45477.614 | G32: 0.518
A33: =A32 -> PROREP (L) | B33: =IF(ISBLANK(A32),"",LEFT(B32,27)&VALUE(RIGHT(B32,1)+1)) -> JKL240702PROREP_35C_sample_2 | C33: =C32 -> Protea repens | D33: =D32 -> 35C | E33: =IF(ISBLANK(A32),"",E32+1) -> 2 | F33: =F32 -> 45477.614 | G33: 0.601
A34: =A33 -> PROREP (L) | B34: =IF(ISBLANK(A32),"",LEFT(B33,27)&VALUE(RIGHT(B33,1)+1)) -> JKL240702PROREP_35C_sample_3 | C34: =C33 -> Protea repens | D34: =D33 -> 35C | E34: =IF(ISBLANK(A32),"",E33+1) -> 3 | F34: =F33 -> 45477.614 | G34: 0.798
A35: =A34 -> PROREP (L) | B35: =IF(ISBLANK(A32),"",LEFT(B34,27)&VALUE(RIGHT(B34,1)+1)) -> JKL240702PROREP_35C_sample_4 | C35: =C34 -> Protea repens | D35: =D34 -> 35C | E35: =IF(ISBLANK(A32),"",E34+1) -> 4 | F35: =F34 -> 45477.614 | G35: 0.504
A36: =A35 -> PROREP (L) | B36: =IF(ISBLANK(A32),"",LEFT(B35,27)&VALUE(RIGHT(B35,1)+1)) -> JKL240702PROREP_35C_sample_5 | C36: =C35 -> Protea repens | D36: =D35 -> 35C | E36: =IF(ISBLANK(A32),"",E35+1) -> 5 | F36: =F35 -> 45477.614 | G36: 0.446
A37: =A36 -> PROREP (L) | B37: =IF(ISBLANK(A32),"",LEFT(B36,27)&VALUE(RIGHT(B36,1)+1)) -> JKL240702PROREP_35C_sample_6 | C37: =C36 -> Protea repens | D37: =D36 -> 35C | E37: =IF(ISBLANK(A32),"",E36+1) -> 6 | F37: =F36 -> 45477.614 | G37: 0.379
A38: ERIMON | B38: {=IF(ISBLANK(A38),"",IF(A38="PROREP (L)",VLOOKUP(LEFT($A38,6),'Data Feed (35C)'!$A$1:$G$10,2,FALSE),IF(A38="PROREP (S)", INDEX('Data Feed (35C)'!B:B, MATCH(LEFT($A38,6), 'Data Feed (35C)'!$A$1:$A$10, 0) + 1), VLOOKUP($A38,'Data Feed (35C)'!$A$1:$G$10,2,FALSE))))} -> JKS240702ERIMON_35C_sample_1 | C38: {=IF(ISBLANK(A38),"",IF(A38="PROREP (L)",VLOOKUP(LEFT($A38,6),'Data Feed (35C)'!$A$1:$G$10,3,FALSE),IF(A38="PROREP (S)", INDEX('Data Feed (35C)'!C:C, MATCH(LEFT($A38,6), 'Data Feed (35C)'!$A$1:$A$10, 0) + 1, +1), VLOOKUP($A38,'Data Feed (35C)'!$A$1:$G$10,3,FALSE))))} -> Erica monsoniana | D38: {=IF(ISBLANK(A38),"",IF(A38="PROREP (L)",VLOOKUP(LEFT($A38,6),'Data Feed (35C)'!$A$1:$G$10,4,FALSE),IF(A38="PROREP (S)", INDEX('Data Feed (35C)'!D:D, MATCH(LEFT($A38,6), 'Data Feed (35C)'!$A$1:$A$10, 0) + 1, +1), VLOOKUP($A38,'Data Feed (35C)'!$A$1:$G$10,4,FALSE))))} -> 35C | E38: {=IF(ISBLANK(A38),"",IF(A38="PROREP (L)",VLOOKUP(LEFT($A38,6),'Data Feed (35C)'!$A$1:$G$10,7,FALSE),IF(A38="PROREP (S)", INDEX('Data Feed (35C)'!G:G, MATCH(LEFT($A38,6), 'Data Feed (35C)'!$A$1:$A$10, 0) + 1, +1), VLOOKUP($A38,'Data Feed (35C)'!$A$1:$G$10,7,FALSE))))} -> 1 | F38: 45477.656 | G38: 3.306
A39: =A38 -> ERIMON | B39: =IF(ISBLANK(A38),"",LEFT(B38,27)&VALUE(RIGHT(B38,1)+1)) -> JKS240702ERIMON_35C_sample_2 | C39: =C38 -> Erica monsoniana | D39: =D38 -> 35C | E39: =IF(ISBLANK(A38),"",E38+1) -> 2 | F39: =F38 -> 45477.656 | G39: 1.868
A40: =A39 -> ERIMON | B40: =IF(ISBLANK(A38),"",LEFT(B39,27)&VALUE(RIGHT(B39,1)+1)) -> JKS240702ERIMON_35C_sample_3 | C40: =C39 -> Erica monsoniana | D40: =D39 -> 35C | E40: =IF(ISBLANK(A38),"",E39+1) -> 3 | F40: =F39 -> 45477.656 | G40: 0.61
A41: =A40 -> ERIMON | B41: =IF(ISBLANK(A38),"",LEFT(B40,27)&VALUE(RIGHT(B40,1)+1)) -> JKS240702ERIMON_35C_sample_4 | C41: =C40 -> Erica monsoniana | D41: =D40 -> 35C | E41: =IF(ISBLANK(A38),"",E40+1) -> 4 | F41: =F40 -> 45477.656 | G41: 0.993
A42: =A41 -> ERIMON | B42: =IF(ISBLANK(A38),"",LEFT(B41,27)&VALUE(RIGHT(B41,1)+1)) -> JKS240702ERIMON_35C_sample_5 | C42: =C41 -> Erica monsoniana | D42: =D41 -> 35C | E42: =IF(ISBLANK(A38),"",E41+1) -> 5 | F42: =F41 -> 45477.656 | G42: 2.838
A43: =A42 -> ERIMON | B43: =IF(ISBLANK(A38),"",LEFT(B42,27)&VALUE(RIGHT(B42,1)+1)) -> JKS240702ERIMON_35C_sample_6 | C43: =C42 -> Erica monsoniana | D43: =D42 -> 35C | E43: =IF(ISBLANK(A38),"",E42+1) -> 6 | F43: =F42 -> 45477.656 | G43: 0.866
A44: PROREP (L) | B44: {=IF(ISBLANK(A44),"",IF(A44="PROREP (L)",VLOOKUP(LEFT($A44,6),'Data Feed (35C)'!$A$1:$G$10,2,FALSE),IF(A44="PROREP (S)", INDEX('Data Feed (35C)'!B:B, MATCH(LEFT($A44,6), 'Data Feed (35C)'!$A$1:$A$10, 0) + 1), VLOOKUP($A44,'Data Feed (35C)'!$A$1:$G$10,2,FALSE))))} -> JKL240702PROREP_35C_sample_1 | C44: {=IF(ISBLANK(A44),"",IF(A44="PROREP (L)",VLOOKUP(LEFT($A44,6),'Data Feed (35C)'!$A$1:$G$10,3,FALSE),IF(A44="PROREP (S)", INDEX('Data Feed (35C)'!C:C, MATCH(LEFT($A44,6), 'Data Feed (35C)'!$A$1:$A$10, 0) + 1, +1), VLOOKUP($A44,'Data Feed (35C)'!$A$1:$G$10,3,FALSE))))} -> Protea repens | D44: {=IF(ISBLANK(A44),"",IF(A44="PROREP (L)",VLOOKUP(LEFT($A44,6),'Data Feed (35C)'!$A$1:$G$10,4,FALSE),IF(A44="PROREP (S)", INDEX('Data Feed (35C)'!D:D, MATCH(LEFT($A44,6), 'Data Feed (35C)'!$A$1:$A$10, 0) + 1, +1), VLOOKUP($A44,'Data Feed (35C)'!$A$1:$G$10,4,FALSE))))} -> 35C | E44: {=IF(ISBLANK(A44),"",IF(A44="PROREP (L)",VLOOKUP(LEFT($A44,6),'Data Feed (35C)'!$A$1:$G$10,7,FALSE),IF(A44="PROREP (S)", INDEX('Data Feed (35C)'!G:G, MATCH(LEFT($A44,6), 'Data Feed (35C)'!$A$1:$A$10, 0) + 1, +1), VLOOKUP($A44,'Data Feed (35C)'!$A$1:$G$10,7,FALSE))))} -> 1 | F44: 45477.658 | G44: 0.518
A45: =A44 -> PROREP (L) | B45: =IF(ISBLANK(A44),"",LEFT(B44,27)&VALUE(RIGHT(B44,1)+1)) -> JKL240702PROREP_35C_sample_2 | C45: =C44 -> Protea repens | D45: =D44 -> 35C | E45: =IF(ISBLANK(A44),"",E44+1) -> 2 | F45: =F44 -> 45477.658 | G45: 0.591
A46: =A45 -> PROREP (L) | B46: =IF(ISBLANK(A44),"",LEFT(B45,27)&VALUE(RIGHT(B45,1)+1)) -> JKL240702PROREP_35C_sample_3 | C46: =C45 -> Protea repens | D46: =D45 -> 35C | E46: =IF(ISBLANK(A44),"",E45+1) -> 3 | F46: =F45 -> 45477.658 | G46: 0.789
A47: =A46 -> PROREP (L) | B47: =IF(ISBLANK(A44),"",LEFT(B46,27)&VALUE(RIGHT(B46,1)+1)) -> JKL240702PROREP_35C_sample_4 | C47: =C46 -> Protea repens | D47: =D46 -> 35C | E47: =IF(ISBLANK(A44),"",E46+1) -> 4 | F47: =F46 -> 45477.658 | G47: 0.479
A48: =A47 -> PROREP (L) | B48: =IF(ISBLANK(A44),"",LEFT(B47,27)&VALUE(RIGHT(B47,1)+1)) -> JKL240702PROREP_35C_sample_5 | C48: =C47 -> Protea repens | D48: =D47 -> 35C | E48: =IF(ISBLANK(A44),"",E47+1) -> 5 | F48: =F47 -> 45477.658 | G48: 0.435
A49: =A48 -> PROREP (L) | B49: =IF(ISBLANK(A44),"",LEFT(B48,27)&VALUE(RIGHT(B48,1)+1)) -> JKL240702PROREP_35C_sample_6 | C49: =C48 -> Protea repens | D49: =D48 -> 35C | E49: =IF(ISBLANK(A44),"",E48+1) -> 6 | F49: =F48 -> 45477.658 | G49: 0.379
A50: PROREP (S) | B50: {=IF(ISBLANK(A50),"",IF(A50="PROREP (L)",VLOOKUP(LEFT($A50,6),'Data Feed (35C)'!$A$1:$G$10,2,FALSE),IF(A50="PROREP (S)", INDEX('Data Feed (35C)'!B:B, MATCH(LEFT($A50,6), 'Data Feed (35C)'!$A$1:$A$10, 0) + 1), VLOOKUP($A50,'Data Feed (35C)'!$A$1:$G$10,2,FALSE))))} -> JKS240702PROREP_35C_sample_1 | C50: {=IF(ISBLANK(A50),"",IF(A50="PROREP (L)",VLOOKUP(LEFT($A50,6),'Data Feed (35C)'!$A$1:$G$10,3,FALSE),IF(A50="PROREP (S)", INDEX('Data Feed (35C)'!C:C, MATCH(LEFT($A50,6), 'Data Feed (35C)'!$A$1:$A$10, 0) + 1, +1), VLOOKUP($A50,'Data Feed (35C)'!$A$1:$G$10,3,FALSE))))} -> Protea repens | D50: {=IF(ISBLANK(A50),"",IF(A50="PROREP (L)",VLOOKUP(LEFT($A50,6),'Data Feed (35C)'!$A$1:$G$10,4,FALSE),IF(A50="PROREP (S)", INDEX('Data Feed (35C)'!D:D, MATCH(LEFT($A50,6), 'Data Feed (35C)'!$A$1:$A$10, 0) + 1, +1), VLOOKUP($A50,'Data Feed (35C)'!$A$1:$G$10,4,FALSE))))} -> 35C | E50: {=IF(ISBLANK(A50),"",IF(A50="PROREP (L)",VLOOKUP(LEFT($A50,6),'Data Feed (35C)'!$A$1:$G$10,7,FALSE),IF(A50="PROREP (S)", INDEX('Data Feed (35C)'!G:G, MATCH(LEFT($A50,6), 'Data Feed (35C)'!$A$1:$A$10, 0) + 1, +1), VLOOKUP($A50,'Data Feed (35C)'!$A$1:$G$10,7,FALSE))))} -> 1 | F50: 45477.661 | G50: 9.936
A51: =A50 -> PROREP (S) | B51: =IF(ISBLANK(A50),"",LEFT(B50,27)&VALUE(RIGHT(B50,1)+1)) -> JKS240702PROREP_35C_sample_2 | C51: =C50 -> Protea repens | D51: =D50 -> 35C | E51: =IF(ISBLANK(A50),"",E50+1) -> 2 | F51: =F50 -> 45477.661 | G51: 19.104
A52: =A51 -> PROREP (S) | B52: =IF(ISBLANK(A50),"",LEFT(B51,27)&VALUE(RIGHT(B51,1)+1)) -> JKS240702PROREP_35C_sample_3 | C52: =C51 -> Protea repens | D52: =D51 -> 35C | E52: =IF(ISBLANK(A50),"",E51+1) -> 3 | F52: =F51 -> 45477.661 | G52: 19.266
A53: =A52 -> PROREP (S) | B53: =IF(ISBLANK(A50),"",LEFT(B52,27)&VALUE(RIGHT(B52,1)+1)) -> JKS240702PROREP_35C_sample_4 | C53: =C52 -> Protea repens | D53: =D52 -> 35C | E53: =IF(ISBLANK(A50),"",E52+1) -> 4 | F53: =F52 -> 45477.661 | G53: 3.982
A54: =A53 -> PROREP (S) | B54: =IF(ISBLANK(A50),"",LEFT(B53,27)&VALUE(RIGHT(B53,1)+1)) -> JKS240702PROREP_35C_sample_5 | C54: =C53 -> Protea repens | D54: =D53 -> 35C | E54: =IF(ISBLANK(A50),"",E53+1) -> 5 | F54: =F53 -> 45477.661 | G54: 5.509
A55: =A54 -> PROREP (S) | B55: =IF(ISBLANK(A50),"",LEFT(B54,27)&VALUE(RIGHT(B54,1)+1)) -> JKS240702PROREP_35C_sample_6 | C55: =C54 -> Protea repens | D55: =D54 -> 35C | E55: =IF(ISBLANK(A50),"",E54+1) -> 6 | F55: =F54 -> 45477.661 | G55: 7.666
A56: CANCON | B56: {=IF(ISBLANK(A56),"",IF(A56="PROREP (L)",VLOOKUP(LEFT($A56,6),'Data Feed (35C)'!$A$1:$G$10,2,FALSE),IF(A56="PROREP (S)", INDEX('Data Feed (35C)'!B:B, MATCH(LEFT($A56,6), 'Data Feed (35C)'!$A$1:$A$10, 0) + 1), VLOOKUP($A56,'Data Feed (35C)'!$A$1:$G$10,2,FALSE))))} -> JKS240702CANCON_35C_sample_1 | C56: {=IF(ISBLANK(A56),"",IF(A56="PROREP (L)",VLOOKUP(LEFT($A56,6),'Data Feed (35C)'!$A$1:$G$10,3,FALSE),IF(A56="PROREP (S)", INDEX('Data Feed (35C)'!C:C, MATCH(LEFT($A56,6), 'Data Feed (35C)'!$A$1:$A$10, 0) + 1, +1), VLOOKUP($A56,'Data Feed (35C)'!$A$1:$G$10,3,FALSE))))} -> Cannomois congesta | D56: {=IF(ISBLANK(A56),"",IF(A56="PROREP (L)",VLOOKUP(LEFT($A56,6),'Data Feed (35C)'!$A$1:$G$10,4,FALSE),IF(A56="PROREP (S)", INDEX('Data Feed (35C)'!D:D, MATCH(LEFT($A56,6), 'Data Feed (35C)'!$A$1:$A$10, 0) + 1, +1), VLOOKUP($A56,'Data Feed (35C)'!$A$1:$G$10,4,FALSE))))} -> 35C | E56: {=IF(ISBLANK(A56),"",IF(A56="PROREP (L)",VLOOKUP(LEFT($A56,6),'Data Feed (35C)'!$A$1:$G$10,7,FALSE),IF(A56="PROREP (S)", INDEX('Data Feed (35C)'!G:G, MATCH(LEFT($A56,6), 'Data Feed (35C)'!$A$1:$A$10, 0) + 1, +1), VLOOKUP($A56,'Data Feed (35C)'!$A$1:$G$10,7,FALSE))))} -> 1 | F56: 45477.717 | G56: 0.631
A57: =A56 -> CANCON | B57: =IF(ISBLANK(A56),"",LEFT(B56,27)&VALUE(RIGHT(B56,1)+1)) -> JKS240702CANCON_35C_sample_2 | C57: =C56 -> Cannomois congesta | D57: =D56 -> 35C | E57: =IF(ISBLANK(A56),"",E56+1) -> 2 | F57: =F56 -> 45477.717 | G57: 2.587
A58: =A57 -> CANCON | B58: =IF(ISBLANK(A56),"",LEFT(B57,27)&VALUE(RIGHT(B57,1)+1)) -> JKS240702CANCON_35C_sample_3 | C58: =C57 -> Cannomois congesta | D58: =D57 -> 35C | E58: =IF(ISBLANK(A56),"",E57+1) -> 3 | F58: =F57 -> 45477.717 | G58: 1.167
A59: =A58 -> CANCON | B59: =IF(ISBLANK(A56),"",LEFT(B58,27)&VALUE(RIGHT(B58,1)+1)) -> JKS240702CANCON_35C_sample_4 | C59: =C58 -> Cannomois congesta | D59: =D58 -> 35C | E59: =IF(ISBLANK(A56),"",E58+1) -> 4 | F59: =F58 -> 45477.717 | G59: 1.317
A60: =A59 -> CANCON | B60: =IF(ISBLANK(A56),"",LEFT(B59,27)&VALUE(RIGHT(B59,1)+1)) -> JKS240702CANCON_35C_sample_5 | C60: =C59 -> Cannomois congesta | D60: =D59 -> 35C | E60: =IF(ISBLANK(A56),"",E59+1) -> 5 | F60: =F59 -> 45477.717 | G60: 1.788
A61: =A60 -> CANCON | B61: =IF(ISBLANK(A56),"",LEFT(B60,27)&VALUE(RIGHT(B60,1)+1)) -> JKS240702CANCON_35C_sample_6 | C61: =C60 -> Cannomois congesta | D61: =D60 -> 35C | E61: =IF(ISBLANK(A56),"",E60+1) -> 6 | F61: =F60 -> 45477.717 | G61: 2.008
A62: ERIMON | B62: {=IF(ISBLANK(A62),"",IF(A62="PROREP (L)",VLOOKUP(LEFT($A62,6),'Data Feed (35C)'!$A$1:$G$10,2,FALSE),IF(A62="PROREP (S)", INDEX('Data Feed (35C)'!B:B, MATCH(LEFT($A62,6), 'Data Feed (35C)'!$A$1:$A$10, 0) + 1), VLOOKUP($A62,'Data Feed (35C)'!$A$1:$G$10,2,FALSE))))} -> JKS240702ERIMON_35C_sample_1 | C62: {=IF(ISBLANK(A62),"",IF(A62="PROREP (L)",VLOOKUP(LEFT($A62,6),'Data Feed (35C)'!$A$1:$G$10,3,FALSE),IF(A62="PROREP (S)", INDEX('Data Feed (35C)'!C:C, MATCH(LEFT($A62,6), 'Data Feed (35C)'!$A$1:$A$10, 0) + 1, +1), VLOOKUP($A62,'Data Feed (35C)'!$A$1:$G$10,3,FALSE))))} -> Erica monsoniana | D62: {=IF(ISBLANK(A62),"",IF(A62="PROREP (L)",VLOOKUP(LEFT($A62,6),'Data Feed (35C)'!$A$1:$G$10,4,FALSE),IF(A62="PROREP (S)", INDEX('Data Feed (35C)'!D:D, MATCH(LEFT($A62,6), 'Data Feed (35C)'!$A$1:$A$10, 0) + 1, +1), VLOOKUP($A62,'Data Feed (35C)'!$A$1:$G$10,4,FALSE))))} -> 35C | E62: {=IF(ISBLANK(A62),"",IF(A62="PROREP (L)",VLOOKUP(LEFT($A62,6),'Data Feed (35C)'!$A$1:$G$10,7,FALSE),IF(A62="PROREP (S)", INDEX('Data Feed (35C)'!G:G, MATCH(LEFT($A62,6), 'Data Feed (35C)'!$A$1:$A$10, 0) + 1, +1), VLOOKUP($A62,'Data Feed (35C)'!$A$1:$G$10,7,FALSE))))} -> 1 | F62: 45477.72 | G62: 3.017
A63: =A62 -> ERIMON | B63: =IF(ISBLANK(A62),"",LEFT(B62,27)&VALUE(RIGHT(B62,1)+1)) -> JKS240702ERIMON_35C_sample_2 | C63: =C62 -> Erica monsoniana | D63: =D62 -> 35C | E63: =IF(ISBLANK(A62),"",E62+1) -> 2 | F63: =F62 -> 45477.72 | G63: 1.749
A64: =A63 -> ERIMON | B64: =IF(ISBLANK(A62),"",LEFT(B63,27)&VALUE(RIGHT(B63,1)+1)) -> JKS240702ERIMON_35C_sample_3 | C64: =C63 -> Erica monsoniana | D64: =D63 -> 35C | E64: =IF(ISBLANK(A62),"",E63+1) -> 3 | F64: =F63 -> 45477.72 | G64: 0.59
A65: =A64 -> ERIMON | B65: =IF(ISBLANK(A62),"",LEFT(B64,27)&VALUE(RIGHT(B64,1)+1)) -> JKS240702ERIMON_35C_sample_4 | C65: =C64 -> Erica monsoniana | D65: =D64 -> 35C | E65: =IF(ISBLANK(A62),"",E64+1) -> 4 | F65: =F64 -> 45477.72 | G65: 0.908
A66: =A65 -> ERIMON | B66: =IF(ISBLANK(A62),"",LEFT(B65,27)&VALUE(RIGHT(B65,1)+1)) -> JKS240702ERIMON_35C_sample_5 | C66: =C65 -> Erica monsoniana | D66: =D65 -> 35C | E66: =IF(ISBLANK(A62),"",E65+1) -> 5 | F66: =F65 -> 45477.72 | G66: 2.601
A67: =A66 -> ERIMON | B67: =IF(ISBLANK(A62),"",LEFT(B66,27)&VALUE(RIGHT(B66,1)+1)) -> JKS240702ERIMON_35C_sample_6 | C67: =C66 -> Erica monsoniana | D67: =D66 -> 35C | E67: =IF(ISBLANK(A62),"",E66+1) -> 6 | F67: =F66 -> 45477.72 | G67: 0.781
A68: PROREP (L) | B68: {=IF(ISBLANK(A68),"",IF(A68="PROREP (L)",VLOOKUP(LEFT($A68,6),'Data Feed (35C)'!$A$1:$G$10,2,FALSE),IF(A68="PROREP (S)", INDEX('Data Feed (35C)'!B:B, MATCH(LEFT($A68,6), 'Data Feed (35C)'!$A$1:$A$10, 0) + 1), VLOOKUP($A68,'Data Feed (35C)'!$A$1:$G$10,2,FALSE))))} -> JKL240702PROREP_35C_sample_1 | C68: {=IF(ISBLANK(A68),"",IF(A68="PROREP (L)",VLOOKUP(LEFT($A68,6),'Data Feed (35C)'!$A$1:$G$10,3,FALSE),IF(A68="PROREP (S)", INDEX('Data Feed (35C)'!C:C, MATCH(LEFT($A68,6), 'Data Feed (35C)'!$A$1:$A$10, 0) + 1, +1), VLOOKUP($A68,'Data Feed (35C)'!$A$1:$G$10,3,FALSE))))} -> Protea repens | D68: {=IF(ISBLANK(A68),"",IF(A68="PROREP (L)",VLOOKUP(LEFT($A68,6),'Data Feed (35C)'!$A$1:$G$10,4,FALSE),IF(A68="PROREP (S)", INDEX('Data Feed (35C)'!D:D, MATCH(LEFT($A68,6), 'Data Feed (35C)'!$A$1:$A$10, 0) + 1, +1), VLOOKUP($A68,'Data Feed (35C)'!$A$1:$G$10,4,FALSE))))} -> 35C | E68: {=IF(ISBLANK(A68),"",IF(A68="PROREP (L)",VLOOKUP(LEFT($A68,6),'Data Feed (35C)'!$A$1:$G$10,7,FALSE),IF(A68="PROREP (S)", INDEX('Data Feed (35C)'!G:G, MATCH(LEFT($A68,6), 'Data Feed (35C)'!$A$1:$A$10, 0) + 1, +1), VLOOKUP($A68,'Data Feed (35C)'!$A$1:$G$10,7,FALSE))))} -> 1 | F68: 45477.722 | G68: 0.503
A69: =A68 -> PROREP (L) | B69: =IF(ISBLANK(A68),"",LEFT(B68,27)&VALUE(RIGHT(B68,1)+1)) -> JKL240702PROREP_35C_sample_2 | C69: =C68 -> Protea repens | D69: =D68 -> 35C | E69: =IF(ISBLANK(A68),"",E68+1) -> 2 | F69: =F68 -> 45477.722 | G69: 0.563
A70: =A69 -> PROREP (L) | B70: =IF(ISBLANK(A68),"",LEFT(B69,27)&VALUE(RIGHT(B69,1)+1)) -> JKL240702PROREP_35C_sample_3 | C70: =C69 -> Protea repens | D70: =D69 -> 35C | E70: =IF(ISBLANK(A68),"",E69+1) -> 3 | F70: =F69 -> 45477.722 | G70: 0.772
A71: =A70 -> PROREP (L) | B71: =IF(ISBLANK(A68),"",LEFT(B70,27)&VALUE(RIGHT(B70,1)+1)) -> JKL240702PROREP_35C_sample_4 | C71: =C70 -> Protea repens | D71: =D70 -> 35C | E71: =IF(ISBLANK(A68),"",E70+1) -> 4 | F71: =F70 -> 45477.722 | G71: 0.458
A72: =A71 -> PROREP (L) | B72: =IF(ISBLANK(A68),"",LEFT(B71,27)&VALUE(RIGHT(B71,1)+1)) -> JKL240702PROREP_35C_sample_5 | C72: =C71 -> Protea repens | D72: =D71 -> 35C | E72: =IF(ISBLANK(A68),"",E71+1) -> 5 | F72: =F71 -> 45477.722 | G72: 0.406
A73: =A72 -> PROREP (L) | B73: =IF(ISBLANK(A68),"",LEFT(B72,27)&VALUE(RIGHT(B72,1)+1)) -> JKL240702PROREP_35C_sample_6 | C73: =C72 -> Protea repens | D73: =D72 -> 35C | E73: =IF(ISBLANK(A68),"",E72+1) -> 6 | F73: =F72 -> 45477.722 | G73: 0.355
A74: PROREP (S) | B74: {=IF(ISBLANK(A74),"",IF(A74="PROREP (L)",VLOOKUP(LEFT($A74,6),'Data Feed (35C)'!$A$1:$G$10,2,FALSE),IF(A74="PROREP (S)", INDEX('Data Feed (35C)'!B:B, MATCH(LEFT($A74,6), 'Data Feed (35C)'!$A$1:$A$10, 0) + 1), VLOOKUP($A74,'Data Feed (35C)'!$A$1:$G$10,2,FALSE))))} -> JKS240702PROREP_35C_sample_1 | C74: {=IF(ISBLANK(A74),"",IF(A74="PROREP (L)",VLOOKUP(LEFT($A74,6),'Data Feed (35C)'!$A$1:$G$10,3,FALSE),IF(A74="PROREP (S)", INDEX('Data Feed (35C)'!C:C, MATCH(LEFT($A74,6), 'Data Feed (35C)'!$A$1:$A$10, 0) + 1, +1), VLOOKUP($A74,'Data Feed (35C)'!$A$1:$G$10,3,FALSE))))} -> Protea repens | D74: {=IF(ISBLANK(A74),"",IF(A74="PROREP (L)",VLOOKUP(LEFT($A74,6),'Data Feed (35C)'!$A$1:$G$10,4,FALSE),IF(A74="PROREP (S)", INDEX('Data Feed (35C)'!D:D, MATCH(LEFT($A74,6), 'Data Feed (35C)'!$A$1:$A$10, 0) + 1, +1), VLOOKUP($A74,'Data Feed (35C)'!$A$1:$G$10,4,FALSE))))} -> 35C | E74: {=IF(ISBLANK(A74),"",IF(A74="PROREP (L)",VLOOKUP(LEFT($A74,6),'Data Feed (35C)'!$A$1:$G$10,7,FALSE),IF(A74="PROREP (S)", INDEX('Data Feed (35C)'!G:G, MATCH(LEFT($A74,6), 'Data Feed (35C)'!$A$1:$A$10, 0) + 1, +1), VLOOKUP($A74,'Data Feed (35C)'!$A$1:$G$10,7,FALSE))))} -> 1 | F74: 45477.725 | G74: 9.779
A75: =A74 -> PROREP (S) | B75: =IF(ISBLANK(A74),"",LEFT(B74,27)&VALUE(RIGHT(B74,1)+1)) -> JKS240702PROREP_35C_sample_2 | C75: =C74 -> Protea repens | D75: =D74 -> 35C | E75: =IF(ISBLANK(A74),"",E74+1) -> 2 | F75: =F74 -> 45477.725 | G75: 18.718
A76: =A75 -> PROREP (S) | B76: =IF(ISBLANK(A74),"",LEFT(B75,27)&VALUE(RIGHT(B75,1)+1)) -> JKS240702PROREP_35C_sample_3 | C76: =C75 -> Protea repens | D76: =D75 -> 35C | E76: =IF(ISBLANK(A74),"",E75+1) -> 3 | F76: =F75 -> 45477.725 | G76: 18.265
A77: =A76 -> PROREP (S) | B77: =IF(ISBLANK(A74),"",LEFT(B76,27)&VALUE(RIGHT(B76,1)+1)) -> JKS240702PROREP_35C_sample_4 | C77: =C76 -> Protea repens | D77: =D76 -> 35C | E77: =IF(ISBLANK(A74),"",E76+1) -> 4 | F77: =F76 -> 45477.725 | G77: 3.888
A78: =A77 -> PROREP (S) | B78: =IF(ISBLANK(A74),"",LEFT(B77,27)&VALUE(RIGHT(B77,1)+1)) -> JKS240702PROREP_35C_sample_5 | C78: =C77 -> Protea repens | D78: =D77 -> 35C | E78: =IF(ISBLANK(A74),"",E77+1) -> 5 | F78: =F77 -> 45477.725 | G78: 5.272
A79: =A78 -> PROREP (S) | B79: =IF(ISBLANK(A74),"",LEFT(B78,27)&VALUE(RIGHT(B78,1)+1)) -> JKS240702PROREP_35C_sample_6 | C79: =C78 -> Protea repens | D79: =D78 -> 35C | E79: =IF(ISBLANK(A74),"",E78+1) -> 6 | F79: =F78 -> 45477.725 | G79: 7.493
A80: ERIMON | B80: {=IF(ISBLANK(A80),"",IF(A80="PROREP (L)",VLOOKUP(LEFT($A80,6),'Data Feed (35C)'!$A$1:$G$10,2,FALSE),IF(A80="PROREP (S)", INDEX('Data Feed (35C)'!B:B, MATCH(LEFT($A80,6), 'Data Feed (35C)'!$A$1:$A$10, 0) + 1), VLOOKUP($A80,'Data Feed (35C)'!$A$1:$G$10,2,FALSE))))} -> JKS240702ERIMON_35C_sample_1 | C80: {=IF(ISBLANK(A80),"",IF(A80="PROREP (L)",VLOOKUP(LEFT($A80,6),'Data Feed (35C)'!$A$1:$G$10,3,FALSE),IF(A80="PROREP (S)", INDEX('Data Feed (35C)'!C:C, MATCH(LEFT($A80,6), 'Data Feed (35C)'!$A$1:$A$10, 0) + 1, +1), VLOOKUP($A80,'Data Feed (35C)'!$A$1:$G$10,3,FALSE))))} -> Erica monsoniana | D80: {=IF(ISBLANK(A80),"",IF(A80="PROREP (L)",VLOOKUP(LEFT($A80,6),'Data Feed (35C)'!$A$1:$G$10,4,FALSE),IF(A80="PROREP (S)", INDEX('Data Feed (35C)'!D:D, MATCH(LEFT($A80,6), 'Data Feed (35C)'!$A$1:$A$10, 0) + 1, +1), VLOOKUP($A80,'Data Feed (35C)'!$A$1:$G$10,4,FALSE))))} -> 35C | E80: {=IF(ISBLANK(A80),"",IF(A80="PROREP (L)",VLOOKUP(LEFT($A80,6),'Data Feed (35C)'!$A$1:$G$10,7,FALSE),IF(A80="PROREP (S)", INDEX('Data Feed (35C)'!G:G, MATCH(LEFT($A80,6), 'Data Feed (35C)'!$A$1:$A$10, 0) + 1, +1), VLOOKUP($A80,'Data Feed (35C)'!$A$1:$G$10,7,FALSE))))} -> 1 | F80: 45477.752 | G80: 2.886
A81: =A80 -> ERIMON | B81: =IF(ISBLANK(A80),"",LEFT(B80,27)&VALUE(RIGHT(B80,1)+1)) -> JKS240702ERIMON_35C_sample_2 | C81: =C80 -> Erica monsoniana | D81: =D80 -> 35C | E81: =IF(ISBLANK(A80),"",E80+1) -> 2 | F81: =F80 -> 45477.752 | G81: 1.694
A82: =A81 -> ERIMON | B82: =IF(ISBLANK(A80),"",LEFT(B81,27)&VALUE(RIGHT(B81,1)+1)) -> JKS240702ERIMON_35C_sample_3 | C82: =C81 -> Erica monsoniana | D82: =D81 -> 35C | E82: =IF(ISBLANK(A80),"",E81+1) -> 3 | F82: =F81 -> 45477.752 | G82: 0.559
A83: =A82 -> ERIMON | B83: =IF(ISBLANK(A80),"",LEFT(B82,27)&VALUE(RIGHT(B82,1)+1)) -> JKS240702ERIMON_35C_sample_4 | C83: =C82 -> Erica monsoniana | D83: =D82 -> 35C | E83: =IF(ISBLANK(A80),"",E82+1) -> 4 | F83: =F82 -> 45477.752 | G83: 0.862
A84: =A83 -> ERIMON | B84: =IF(ISBLANK(A80),"",LEFT(B83,27)&VALUE(RIGHT(B83,1)+1)) -> JKS240702ERIMON_35C_sample_5 | C84: =C83 -> Erica monsoniana | D84: =D83 -> 35C | E84: =IF(ISBLANK(A80),"",E83+1) -> 5 | F84: =F83 -> 45477.752 | G84: 2.491
A85: =A84 -> ERIMON | B85: =IF(ISBLANK(A80),"",LEFT(B84,27)&VALUE(RIGHT(B84,1)+1)) -> JKS240702ERIMON_35C_sample_6 | C85: =C84 -> Erica monsoniana | D85: =D84 -> 35C | E85: =IF(ISBLANK(A80),"",E84+1) -> 6 | F85: =F84 -> 45477.752 | G85: 0.762
A86: PROREP (L) | B86: {=IF(ISBLANK(A86),"",IF(A86="PROREP (L)",VLOOKUP(LEFT($A86,6),'Data Feed (35C)'!$A$1:$G$10,2,FALSE),IF(A86="PROREP (S)", INDEX('Data Feed (35C)'!B:B, MATCH(LEFT($A86,6), 'Data Feed (35C)'!$A$1:$A$10, 0) + 1), VLOOKUP($A86,'Data Feed (35C)'!$A$1:$G$10,2,FALSE))))} -> JKL240702PROREP_35C_sample_1 | C86: {=IF(ISBLANK(A86),"",IF(A86="PROREP (L)",VLOOKUP(LEFT($A86,6),'Data Feed (35C)'!$A$1:$G$10,3,FALSE),IF(A86="PROREP (S)", INDEX('Data Feed (35C)'!C:C, MATCH(LEFT($A86,6), 'Data Feed (35C)'!$A$1:$A$10, 0) + 1, +1), VLOOKUP($A86,'Data Feed (35C)'!$A$1:$G$10,3,FALSE))))} -> Protea repens | D86: {=IF(ISBLANK(A86),"",IF(A86="PROREP (L)",VLOOKUP(LEFT($A86,6),'Data Feed (35C)'!$A$1:$G$10,4,FALSE),IF(A86="PROREP (S)", INDEX('Data Feed (35C)'!D:D, MATCH(LEFT($A86,6), 'Data Feed (35C)'!$A$1:$A$10, 0) + 1, +1), VLOOKUP($A86,'Data Feed (35C)'!$A$1:$G$10,4,FALSE))))} -> 35C | E86: {=IF(ISBLANK(A86),"",IF(A86="PROREP (L)",VLOOKUP(LEFT($A86,6),'Data Feed (35C)'!$A$1:$G$10,7,FALSE),IF(A86="PROREP (S)", INDEX('Data Feed (35C)'!G:G, MATCH(LEFT($A86,6), 'Data Feed (35C)'!$A$1:$A$10, 0) + 1, +1), VLOOKUP($A86,'Data Feed (35C)'!$A$1:$G$10,7,FALSE))))} -> 1 | F86: 45477.754 | G86: 0.495
A87: =A86 -> PROREP (L) | B87: =IF(ISBLANK(A86),"",LEFT(B86,27)&VALUE(RIGHT(B86,1)+1)) -> JKL240702PROREP_35C_sample_2 | C87: =C86 -> Protea repens | D87: =D86 -> 35C | E87: =IF(ISBLANK(A86),"",E86+1) -> 2 | F87: =F86 -> 45477.754 | G87: 0.553
A88: =A87 -> PROREP (L) | B88: =IF(ISBLANK(A86),"",LEFT(B87,27)&VALUE(RIGHT(B87,1)+1)) -> JKL240702PROREP_35C_sample_3 | C88: =C87 -> Protea repens | D88: =D87 -> 35C | E88: =IF(ISBLANK(A86),"",E87+1) -> 3 | F88: =F87 -> 45477.754 | G88: 0.754
A89: =A88 -> PROREP (L) | B89: =IF(ISBLANK(A86),"",LEFT(B88,27)&VALUE(RIGHT(B88,1)+1)) -> JKL240702PROREP_35C_sample_4 | C89: =C88 -> Protea repens | D89: =D88 -> 35C | E89: =IF(ISBLANK(A86),"",E88+1) -> 4 | F89: =F88 -> 45477.754 | G89: 0.453
A90: =A89 -> PROREP (L) | B90: =IF(ISBLANK(A86),"",LEFT(B89,27)&VALUE(RIGHT(B89,1)+1)) -> JKL240702PROREP_35C_sample_5 | C90: =C89 -> Protea repens | D90: =D89 -> 35C | E90: =IF(ISBLANK(A86),"",E89+1) -> 5 | F90: =F89 -> 45477.754 | G90: 0.404
A91: =A90 -> PROREP (L) | B91: =IF(ISBLANK(A86),"",LEFT(B90,27)&VALUE(RIGHT(B90,1)+1)) -> JKL240702PROREP_35C_sample_6 | C91: =C90 -> Protea repens | D91: =D90 -> 35C | E91: =IF(ISBLANK(A86),"",E90+1) -> 6 | F91: =F90 -> 45477.754 | G91: 0.37
A92: PROREP (S) | B92: {=IF(ISBLANK(A92),"",IF(A92="PROREP (L)",VLOOKUP(LEFT($A92,6),'Data Feed (35C)'!$A$1:$G$10,2,FALSE),IF(A92="PROREP (S)", INDEX('Data Feed (35C)'!B:B, MATCH(LEFT($A92,6), 'Data Feed (35C)'!$A$1:$A$10, 0) + 1), VLOOKUP($A92,'Data Feed (35C)'!$A$1:$G$10,2,FALSE))))} -> JKS240702PROREP_35C_sample_1 | C92: {=IF(ISBLANK(A92),"",IF(A92="PROREP (L)",VLOOKUP(LEFT($A92,6),'Data Feed (35C)'!$A$1:$G$10,3,FALSE),IF(A92="PROREP (S)", INDEX('Data Feed (35C)'!C:C, MATCH(LEFT($A92,6), 'Data Feed (35C)'!$A$1:$A$10, 0) + 1, +1), VLOOKUP($A92,'Data Feed (35C)'!$A$1:$G$10,3,FALSE))))} -> Protea repens | D92: {=IF(ISBLANK(A92),"",IF(A92="PROREP (L)",VLOOKUP(LEFT($A92,6),'Data Feed (35C)'!$A$1:$G$10,4,FALSE),IF(A92="PROREP (S)", INDEX('Data Feed (35C)'!D:D, MATCH(LEFT($A92,6), 'Data Feed (35C)'!$A$1:$A$10, 0) + 1, +1), VLOOKUP($A92,'Data Feed (35C)'!$A$1:$G$10,4,FALSE))))} -> 35C | E92: {=IF(ISBLANK(A92),"",IF(A92="PROREP (L)",VLOOKUP(LEFT($A92,6),'Data Feed (35C)'!$A$1:$G$10,7,FALSE),IF(A92="PROREP (S)", INDEX('Data Feed (35C)'!G:G, MATCH(LEFT($A92,6), 'Data Feed (35C)'!$A$1:$A$10, 0) + 1, +1), VLOOKUP($A92,'Data Feed (35C)'!$A$1:$G$10,7,FALSE))))} -> 1 | F92: 45477.756 | G92: 9.712
A93: =A92 -> PROREP (S) | B93: =IF(ISBLANK(A92),"",LEFT(B92,27)&VALUE(RIGHT(B92,1)+1)) -> JKS240702PROREP_35C_sample_2 | C93: =C92 -> Protea repens | D93: =D92 -> 35C | E93: =IF(ISBLANK(A92),"",E92+1) -> 2 | F93: =F92 -> 45477.756 | G93: 18.538
A94: =A93 -> PROREP (S) | B94: =IF(ISBLANK(A92),"",LEFT(B93,27)&VALUE(RIGHT(B93,1)+1)) -> JKS240702PROREP_35C_sample_3 | C94: =C93 -> Protea repens | D94: =D93 -> 35C | E94: =IF(ISBLANK(A92),"",E93+1) -> 3 | F94: =F93 -> 45477.756 | G94: 17.494
A95: =A94 -> PROREP (S) | B95: =IF(ISBLANK(A92),"",LEFT(B94,27)&VALUE(RIGHT(B94,1)+1)) -> JKS240702PROREP_35C_sample_4 | C95: =C94 -> Protea repens | D95: =D94 -> 35C | E95: =IF(ISBLANK(A92),"",E94+1) -> 4 | F95: =F94 -> 45477.756 | G95: 3.856
A96: =A95 -> PROREP (S) | B96: =IF(ISBLANK(A92),"",LEFT(B95,27)&VALUE(RIGHT(B95,1)+1)) -> JKS240702PROREP_35C_sample_5 | C96: =C95 -> Protea repens | D96: =D95 -> 35C | E96: =IF(ISBLANK(A92),"",E95+1) -> 5 | F96: =F95 -> 45477.756 | G96: 5.184
A97: =A96 -> PROREP (S) | B97: =IF(ISBLANK(A92),"",LEFT(B96,27)&VALUE(RIGHT(B96,1)+1)) -> JKS240702PROREP_35C_sample_6 | C97: =C96 -> Protea repens | D97: =D96 -> 35C | E97: =IF(ISBLANK(A92),"",E96+1) -> 6 | F97: =F96 -> 45477.756 | G97: 7.415
A98: CANCON | B98: {=IF(ISBLANK(A98),"",IF(A98="PROREP (L)",VLOOKUP(LEFT($A98,6),'Data Feed (35C)'!$A$1:$G$10,2,FALSE),IF(A98="PROREP (S)", INDEX('Data Feed (35C)'!B:B, MATCH(LEFT($A98,6), 'Data Feed (35C)'!$A$1:$A$10, 0) + 1), VLOOKUP($A98,'Data Feed (35C)'!$A$1:$G$10,2,FALSE))))} -> JKS240702CANCON_35C_sample_1 | C98: {=IF(ISBLANK(A98),"",IF(A98="PROREP (L)",VLOOKUP(LEFT($A98,6),'Data Feed (35C)'!$A$1:$G$10,3,FALSE),IF(A98="PROREP (S)", INDEX('Data Feed (35C)'!C:C, MATCH(LEFT($A98,6), 'Data Feed (35C)'!$A$1:$A$10, 0) + 1, +1), VLOOKUP($A98,'Data Feed (35C)'!$A$1:$G$10,3,FALSE))))} -> Cannomois congesta | D98: {=IF(ISBLANK(A98),"",IF(A98="PROREP (L)",VLOOKUP(LEFT($A98,6),'Data Feed (35C)'!$A$1:$G$10,4,FALSE),IF(A98="PROREP (S)", INDEX('Data Feed (35C)'!D:D, MATCH(LEFT($A98,6), 'Data Feed (35C)'!$A$1:$A$10, 0) + 1, +1), VLOOKUP($A98,'Data Feed (35C)'!$A$1:$G$10,4,FALSE))))} -> 35C | E98: {=IF(ISBLANK(A98),"",IF(A98="PROREP (L)",VLOOKUP(LEFT($A98,6),'Data Feed (35C)'!$A$1:$G$10,7,FALSE),IF(A98="PROREP (S)", INDEX('Data Feed (35C)'!G:G, MATCH(LEFT($A98,6), 'Data Feed (35C)'!$A$1:$A$10, 0) + 1, +1), VLOOKUP($A98,'Data Feed (35C)'!$A$1:$G$10,7,FALSE))))} -> 1 | F98: 45477.758 | G98: 0.616
A99: =A98 -> CANCON | B99: =IF(ISBLANK(A98),"",LEFT(B98,27)&VALUE(RIGHT(B98,1)+1)) -> JKS240702CANCON_35C_sample_2 | C99: =C98 -> Cannomois congesta | D99: =D98 -> 35C | E99: =IF(ISBLANK(A98),"",E98+1) -> 2 | F99: =F98 -> 45477.758 | G99: 2.54
A100: =A99 -> CANCON | B100: =IF(ISBLANK(A98),"",LEFT(B99,27)&VALUE(RIGHT(B99,1)+1)) -> JKS240702CANCON_35C_sample_3 | C100: =C99 -> Cannomois congesta | D100: =D99 -> 35C | E100: =IF(ISBLANK(A98),"",E99+1) -> 3 | F100: =F99 -> 45477.758 | G100: 1.144
...

Sheet 20C
A1: GENSPP | B1: ID_Code | C1: Species | D1: Treat | E1: Sample_no | F1: Date_Time | G1: Weight
A2: ERIMON | B2: {=IF(ISBLANK(A2),"",IF(A2="PROREP (L)",VLOOKUP(LEFT($A2,6),'Data Feed (20C)'!$A$1:$G$10,2,FALSE),IF(A2="PROREP (S)", INDEX('Data Feed (20C)'!B:B, MATCH(LEFT($A2,6), 'Data Feed (20C)'!$A$1:$A$10, 0) + 1), VLOOKUP($A2,'Data Feed (20C)'!$A$1:$G$10,2,FALSE))))} -> JKS240702ERIMON_20C_sample_1 | C2: {=IF(ISBLANK(A2),"",IF(A2="PROREP (L)",VLOOKUP(LEFT($A2,6),'Data Feed (20C)'!$A$1:$G$10,3,FALSE),IF(A2="PROREP (S)", INDEX('Data Feed (20C)'!C:C, MATCH(LEFT($A2,6), 'Data Feed (20C)'!$A$1:$A$10, 0) + 1, +1), VLOOKUP($A2,'Data Feed (20C)'!$A$1:$G$10,3,FALSE))))} -> Erica monsoniana | D2: {=IF(ISBLANK(A2),"",IF(A2="PROREP (L)",VLOOKUP(LEFT($A2,6),'Data Feed (20C)'!$A$1:$G$10,4,FALSE),IF(A2="PROREP (S)", INDEX('Data Feed (20C)'!D:D, MATCH(LEFT($A2,6), 'Data Feed (20C)'!$A$1:$A$10, 0) + 1, +1), VLOOKUP($A2,'Data Feed (20C)'!$A$1:$G$10,4,FALSE))))} -> 20C | E2: {=IF(ISBLANK(A2),"",IF(A2="PROREP (L)",VLOOKUP(LEFT($A2,6),'Data Feed (20C)'!$A$1:$G$10,7,FALSE),IF(A2="PROREP (S)", INDEX('Data Feed (20C)'!G:G, MATCH(LEFT($A2,6), 'Data Feed (20C)'!$A$1:$A$10, 0) + 1, +1), VLOOKUP($A2,'Data Feed (20C)'!$A$1:$G$10,7,FALSE))))} -> 1 | F2: 45477.528 | G2: 3.392
A3: =A2 -> ERIMON | B3: =IF(ISBLANK(A2),"",LEFT(B2,27)&VALUE(RIGHT(B2,1)+1)) -> JKS240702ERIMON_20C_sample_2 | C3: =C2 -> Erica monsoniana | D3: =D2 -> 20C | E3: =IF(ISBLANK(A2),"",E2+1) -> 2 | F3: =F2 -> 45477.528 | G3: 2.701
A4: =A3 -> ERIMON | B4: =IF(ISBLANK(A2),"",LEFT(B3,27)&VALUE(RIGHT(B3,1)+1)) -> JKS240702ERIMON_20C_sample_3 | C4: =C3 -> Erica monsoniana | D4: =D3 -> 20C | E4: =IF(ISBLANK(A2),"",E3+1) -> 3 | F4: =F3 -> 45477.528 | G4: 2.777
A5: =A4 -> ERIMON | B5: =IF(ISBLANK(A2),"",LEFT(B4,27)&VALUE(RIGHT(B4,1)+1)) -> JKS240702ERIMON_20C_sample_4 | C5: =C4 -> Erica monsoniana | D5: =D4 -> 20C | E5: =IF(ISBLANK(A2),"",E4+1) -> 4 | F5: =F4 -> 45477.528 | G5: 1.729
A6: =A5 -> ERIMON | B6: =IF(ISBLANK(A2),"",LEFT(B5,27)&VALUE(RIGHT(B5,1)+1)) -> JKS240702ERIMON_20C_sample_5 | C6: =C5 -> Erica monsoniana | D6: =D5 -> 20C | E6: =IF(ISBLANK(A2),"",E5+1) -> 5 | F6: =F5 -> 45477.528 | G6: 2.339
A7: =A6 -> ERIMON | B7: =IF(ISBLANK(A2),"",LEFT(B6,27)&VALUE(RIGHT(B6,1)+1)) -> JKS240702ERIMON_20C_sample_6 | C7: =C6 -> Erica monsoniana | D7: =D6 -> 20C | E7: =IF(ISBLANK(A2),"",E6+1) -> 6 | F7: =F6 -> 45477.528 | G7: 1.124
A8: PROREP (L) | B8: {=IF(ISBLANK(A8),"",IF(A8="PROREP (L)",VLOOKUP(LEFT($A8,6),'Data Feed (20C)'!$A$1:$G$10,2,FALSE),IF(A8="PROREP (S)", INDEX('Data Feed (20C)'!B:B, MATCH(LEFT($A8,6), 'Data Feed (20C)'!$A$1:$A$10, 0) + 1), VLOOKUP($A8,'Data Feed (20C)'!$A$1:$G$10,2,FALSE))))} -> JKL240702PROREP_20C_sample_1 | C8: {=IF(ISBLANK(A8),"",IF(A8="PROREP (L)",VLOOKUP(LEFT($A8,6),'Data Feed (20C)'!$A$1:$G$10,3,FALSE),IF(A8="PROREP (S)", INDEX('Data Feed (20C)'!C:C, MATCH(LEFT($A8,6), 'Data Feed (20C)'!$A$1:$A$10, 0) + 1, +1), VLOOKUP($A8,'Data Feed (20C)'!$A$1:$G$10,3,FALSE))))} -> Protea repens | D8: {=IF(ISBLANK(A8),"",IF(A8="PROREP (L)",VLOOKUP(LEFT($A8,6),'Data Feed (20C)'!$A$1:$G$10,4,FALSE),IF(A8="PROREP (S)", INDEX('Data Feed (20C)'!D:D, MATCH(LEFT($A8,6), 'Data Feed (20C)'!$A$1:$A$10, 0) + 1, +1), VLOOKUP($A8,'Data Feed (20C)'!$A$1:$G$10,4,FALSE))))} -> 20C | E8: {=IF(ISBLANK(A8),"",IF(A8="PROREP (L)",VLOOKUP(LEFT($A8,6),'Data Feed (20C)'!$A$1:$G$10,7,FALSE),IF(A8="PROREP (S)", INDEX('Data Feed (20C)'!G:G, MATCH(LEFT($A8,6), 'Data Feed (20C)'!$A$1:$A$10, 0) + 1, +1), VLOOKUP($A8,'Data Feed (20C)'!$A$1:$G$10,7,FALSE))))} -> 1 | F8: 45477.574 | G8: 0.592
A9: =A8 -> PROREP (L) | B9: =IF(ISBLANK(A8),"",LEFT(B8,27)&VALUE(RIGHT(B8,1)+1)) -> JKL240702PROREP_20C_sample_2 | C9: =C8 -> Protea repens | D9: =D8 -> 20C | E9: =IF(ISBLANK(A8),"",E8+1) -> 2 | F9: =F8 -> 45477.574 | G9: 0.451
A10: =A9 -> PROREP (L) | B10: =IF(ISBLANK(A8),"",LEFT(B9,27)&VALUE(RIGHT(B9,1)+1)) -> JKL240702PROREP_20C_sample_3 | C10: =C9 -> Protea repens | D10: =D9 -> 20C | E10: =IF(ISBLANK(A8),"",E9+1) -> 3 | F10: =F9 -> 45477.574 | G10: 0.683
A11: =A10 -> PROREP (L) | B11: =IF(ISBLANK(A8),"",LEFT(B10,27)&VALUE(RIGHT(B10,1)+1)) -> JKL240702PROREP_20C_sample_4 | C11: =C10 -> Protea repens | D11: =D10 -> 20C | E11: =IF(ISBLANK(A8),"",E10+1) -> 4 | F11: =F10 -> 45477.574 | G11: 0.366
A12: =A11 -> PROREP (L) | B12: =IF(ISBLANK(A8),"",LEFT(B11,27)&VALUE(RIGHT(B11,1)+1)) -> JKL240702PROREP_20C_sample_5 | C12: =C11 -> Protea repens | D12: =D11 -> 20C | E12: =IF(ISBLANK(A8),"",E11+1) -> 5 | F12: =F11 -> 45477.574 | G12: 0.526
A13: =A12 -> PROREP (L) | B13: =IF(ISBLANK(A8),"",LEFT(B12,27)&VALUE(RIGHT(B12,1)+1)) -> JKL240702PROREP_20C_sample_6 | C13: =C12 -> Protea repens | D13: =D12 -> 20C | E13: =IF(ISBLANK(A8),"",E12+1) -> 6 | F13: =F12 -> 45477.574 | G13: 0.442
A14: ERIMON | B14: {=IF(ISBLANK(A14),"",IF(A14="PROREP (L)",VLOOKUP(LEFT($A14,6),'Data Feed (20C)'!$A$1:$G$10,2,FALSE),IF(A14="PROREP (S)", INDEX('Data Feed (20C)'!B:B, MATCH(LEFT($A14,6), 'Data Feed (20C)'!$A$1:$A$10, 0) + 1), VLOOKUP($A14,'Data Feed (20C)'!$A$1:$G$10,2,FALSE))))} -> JKS240702ERIMON_20C_sample_1 | C14: {=IF(ISBLANK(A14),"",IF(A14="PROREP (L)",VLOOKUP(LEFT($A14,6),'Data Feed (20C)'!$A$1:$G$10,3,FALSE),IF(A14="PROREP (S)", INDEX('Data Feed (20C)'!C:C, MATCH(LEFT($A14,6), 'Data Feed (20C)'!$A$1:$A$10, 0) + 1, +1), VLOOKUP($A14,'Data Feed (20C)'!$A$1:$G$10,3,FALSE))))} -> Erica monsoniana | D14: {=IF(ISBLANK(A14),"",IF(A14="PROREP (L)",VLOOKUP(LEFT($A14,6),'Data Feed (20C)'!$A$1:$G$10,4,FALSE),IF(A14="PROREP (S)", INDEX('Data Feed (20C)'!D:D, MATCH(LEFT($A14,6), 'Data Feed (20C)'!$A$1:$A$10, 0) + 1, +1), VLOOKUP($A14,'Data Feed (20C)'!$A$1:$G$10,4,FALSE))))} -> 20C | E14: {=IF(ISBLANK(A14),"",IF(A14="PROREP (L)",VLOOKUP(LEFT($A14,6),'Data Feed (20C)'!$A$1:$G$10,7,FALSE),IF(A14="PROREP (S)", INDEX('Data Feed (20C)'!G:G, MATCH(LEFT($A14,6), 'Data Feed (20C)'!$A$1:$A$10, 0) + 1, +1), VLOOKUP($A14,'Data Feed (20C)'!$A$1:$G$10,7,FALSE))))} -> 1 | F14: 45477.579 | G14: 3.275
A15: =A14 -> ERIMON | B15: =IF(ISBLANK(A14),"",LEFT(B14,27)&VALUE(RIGHT(B14,1)+1)) -> JKS240702ERIMON_20C_sample_2 | C15: =C14 -> Erica monsoniana | D15: =D14 -> 20C | E15: =IF(ISBLANK(A14),"",E14+1) -> 2 | F15: =F14 -> 45477.579 | G15: 2.617
A16: =A15 -> ERIMON | B16: =IF(ISBLANK(A14),"",LEFT(B15,27)&VALUE(RIGHT(B15,1)+1)) -> JKS240702ERIMON_20C_sample_3 | C16: =C15 -> Erica monsoniana | D16: =D15 -> 20C | E16: =IF(ISBLANK(A14),"",E15+1) -> 3 | F16: =F15 -> 45477.579 | G16: 2.631
A17: =A16 -> ERIMON | B17: =IF(ISBLANK(A14),"",LEFT(B16,27)&VALUE(RIGHT(B16,1)+1)) -> JKS240702ERIMON_20C_sample_4 | C17: =C16 -> Erica monsoniana | D17: =D16 -> 20C | E17: =IF(ISBLANK(A14),"",E16+1) -> 4 | F17: =F16 -> 45477.579 | G17: 1.687
A18: =A17 -> ERIMON | B18: =IF(ISBLANK(A14),"",LEFT(B17,27)&VALUE(RIGHT(B17,1)+1)) -> JKS240702ERIMON_20C_sample_5 | C18: =C17 -> Erica monsoniana | D18: =D17 -> 20C | E18: =IF(ISBLANK(A14),"",E17+1) -> 5 | F18: =F17 -> 45477.579 | G18: 2.246
A19: =A18 -> ERIMON | B19: =IF(ISBLANK(A14),"",LEFT(B18,27)&VALUE(RIGHT(B18,1)+1)) -> JKS240702ERIMON_20C_sample_6 | C19: =C18 -> Erica monsoniana | D19: =D18 -> 20C | E19: =IF(ISBLANK(A14),"",E18+1) -> 6 | F19: =F18 -> 45477.579 | G19: 1.07
A20: PROREP (S) | B20: {=IF(ISBLANK(A20),"",IF(A20="PROREP (L)",VLOOKUP(LEFT($A20,6),'Data Feed (20C)'!$A$1:$G$10,2,FALSE),IF(A20="PROREP (S)", INDEX('Data Feed (20C)'!B:B, MATCH(LEFT($A20,6), 'Data Feed (20C)'!$A$1:$A$10, 0) + 1), VLOOKUP($A20,'Data Feed (20C)'!$A$1:$G$10,2,FALSE))))} -> JKS240702PROREP_20C_sample_1 | C20: {=IF(ISBLANK(A20),"",IF(A20="PROREP (L)",VLOOKUP(LEFT($A20,6),'Data Feed (20C)'!$A$1:$G$10,3,FALSE),IF(A20="PROREP (S)", INDEX('Data Feed (20C)'!C:C, MATCH(LEFT($A20,6), 'Data Feed (20C)'!$A$1:$A$10, 0) + 1, +1), VLOOKUP($A20,'Data Feed (20C)'!$A$1:$G$10,3,FALSE))))} -> Protea repens | D20: {=IF(ISBLANK(A20),"",IF(A20="PROREP (L)",VLOOKUP(LEFT($A20,6),'Data Feed (20C)'!$A$1:$G$10,4,FALSE),IF(A20="PROREP (S)", INDEX('Data Feed (20C)'!D:D, MATCH(LEFT($A20,6), 'Data Feed (20C)'!$A$1:$A$10, 0) + 1, +1), VLOOKUP($A20,'Data Feed (20C)'!$A$1:$G$10,4,FALSE))))} -> 20C | E20: {=IF(ISBLANK(A20),"",IF(A20="PROREP (L)",VLOOKUP(LEFT($A20,6),'Data Feed (20C)'!$A$1:$G$10,7,FALSE),IF(A20="PROREP (S)", INDEX('Data Feed (20C)'!G:G, MATCH(LEFT($A20,6), 'Data Feed (20C)'!$A$1:$A$10, 0) + 1, +1), VLOOKUP($A20,'Data Feed (20C)'!$A$1:$G$10,7,FALSE))))} -> 1 | F20: 45477.617 | G20: 3.509
A21: =A20 -> PROREP (S) | B21: =IF(ISBLANK(A20),"",LEFT(B20,27)&VALUE(RIGHT(B20,1)+1)) -> JKS240702PROREP_20C_sample_2 | C21: =C20 -> Protea repens | D21: =D20 -> 20C | E21: =IF(ISBLANK(A20),"",E20+1) -> 2 | F21: =F20 -> 45477.617 | G21: 12.993
A22: =A21 -> PROREP (S) | B22: =IF(ISBLANK(A20),"",LEFT(B21,27)&VALUE(RIGHT(B21,1)+1)) -> JKS240702PROREP_20C_sample_3 | C22: =C21 -> Protea repens | D22: =D21 -> 20C | E22: =IF(ISBLANK(A20),"",E21+1) -> 3 | F22: =F21 -> 45477.617 | G22: 16.564
A23: =A22 -> PROREP (S) | B23: =IF(ISBLANK(A20),"",LEFT(B22,27)&VALUE(RIGHT(B22,1)+1)) -> JKS240702PROREP_20C_sample_4 | C23: =C22 -> Protea repens | D23: =D22 -> 20C | E23: =IF(ISBLANK(A20),"",E22+1) -> 4 | F23: =F22 -> 45477.617 | G23: 7.602
A24: =A23 -> PROREP (S) | B24: =IF(ISBLANK(A20),"",LEFT(B23,27)&VALUE(RIGHT(B23,1)+1)) -> JKS240702PROREP_20C_sample_5 | C24: =C23 -> Protea repens | D24: =D23 -> 20C | E24: =IF(ISBLANK(A20),"",E23+1) -> 5 | F24: =F23 -> 45477.617 | G24: 7.244
A25: =A24 -> PROREP (S) | B25: =IF(ISBLANK(A20),"",LEFT(B24,27)&VALUE(RIGHT(B24,1)+1)) -> JKS240702PROREP_20C_sample_6 | C25: =C24 -> Protea repens | D25: =D24 -> 20C | E25: =IF(ISBLANK(A20),"",E24+1) -> 6 | F25: =F24 -> 45477.617 | G25: 26.938
A26: ERIMON | B26: {=IF(ISBLANK(A26),"",IF(A26="PROREP (L)",VLOOKUP(LEFT($A26,6),'Data Feed (20C)'!$A$1:$G$10,2,FALSE),IF(A26="PROREP (S)", INDEX('Data Feed (20C)'!B:B, MATCH(LEFT($A26,6), 'Data Feed (20C)'!$A$1:$A$10, 0) + 1), VLOOKUP($A26,'Data Feed (20C)'!$A$1:$G$10,2,FALSE))))} -> JKS240702ERIMON_20C_sample_1 | C26: {=IF(ISBLANK(A26),"",IF(A26="PROREP (L)",VLOOKUP(LEFT($A26,6),'Data Feed (20C)'!$A$1:$G$10,3,FALSE),IF(A26="PROREP (S)", INDEX('Data Feed (20C)'!C:C, MATCH(LEFT($A26,6), 'Data Feed (20C)'!$A$1:$A$10, 0) + 1, +1), VLOOKUP($A26,'Data Feed (20C)'!$A$1:$G$10,3,FALSE))))} -> Erica monsoniana | D26: {=IF(ISBLANK(A26),"",IF(A26="PROREP (L)",VLOOKUP(LEFT($A26,6),'Data Feed (20C)'!$A$1:$G$10,4,FALSE),IF(A26="PROREP (S)", INDEX('Data Feed (20C)'!D:D, MATCH(LEFT($A26,6), 'Data Feed (20C)'!$A$1:$A$10, 0) + 1, +1), VLOOKUP($A26,'Data Feed (20C)'!$A$1:$G$10,4,FALSE))))} -> 20C | E26: {=IF(ISBLANK(A26),"",IF(A26="PROREP (L)",VLOOKUP(LEFT($A26,6),'Data Feed (20C)'!$A$1:$G$10,7,FALSE),IF(A26="PROREP (S)", INDEX('Data Feed (20C)'!G:G, MATCH(LEFT($A26,6), 'Data Feed (20C)'!$A$1:$A$10, 0) + 1, +1), VLOOKUP($A26,'Data Feed (20C)'!$A$1:$G$10,7,FALSE))))} -> 1 | F26: 45477.619 | G26: 3.2
A27: =A26 -> ERIMON | B27: =IF(ISBLANK(A26),"",LEFT(B26,27)&VALUE(RIGHT(B26,1)+1)) -> JKS240702ERIMON_20C_sample_2 | C27: =C26 -> Erica monsoniana | D27: =D26 -> 20C | E27: =IF(ISBLANK(A26),"",E26+1) -> 2 | F27: =F26 -> 45477.619 | G27: 2.578
A28: =A27 -> ERIMON | B28: =IF(ISBLANK(A26),"",LEFT(B27,27)&VALUE(RIGHT(B27,1)+1)) -> JKS240702ERIMON_20C_sample_3 | C28: =C27 -> Erica monsoniana | D28: =D27 -> 20C | E28: =IF(ISBLANK(A26),"",E27+1) -> 3 | F28: =F27 -> 45477.619 | G28: 2.555
A29: =A28 -> ERIMON | B29: =IF(ISBLANK(A26),"",LEFT(B28,27)&VALUE(RIGHT(B28,1)+1)) -> JKS240702ERIMON_20C_sample_4 | C29: =C28 -> Erica monsoniana | D29: =D28 -> 20C | E29: =IF(ISBLANK(A26),"",E28+1) -> 4 | F29: =F28 -> 45477.619 | G29: 1.648
A30: =A29 -> ERIMON | B30: =IF(ISBLANK(A26),"",LEFT(B29,27)&VALUE(RIGHT(B29,1)+1)) -> JKS240702ERIMON_20C_sample_5 | C30: =C29 -> Erica monsoniana | D30: =D29 -> 20C | E30: =IF(ISBLANK(A26),"",E29+1) -> 5 | F30: =F29 -> 45477.619 | G30: 2.204
A31: =A30 -> ERIMON | B31: =IF(ISBLANK(A26),"",LEFT(B30,27)&VALUE(RIGHT(B30,1)+1)) -> JKS240702ERIMON_20C_sample_6 | C31: =C30 -> Erica monsoniana | D31: =D30 -> 20C | E31: =IF(ISBLANK(A26),"",E30+1) -> 6 | F31: =F30 -> 45477.619 | G31: 1.051
A32: PROREP (L) | B32: {=IF(ISBLANK(A32),"",IF(A32="PROREP (L)",VLOOKUP(LEFT($A32,6),'Data Feed (20C)'!$A$1:$G$10,2,FALSE),IF(A32="PROREP (S)", INDEX('Data Feed (20C)'!B:B, MATCH(LEFT($A32,6), 'Data Feed (20C)'!$A$1:$A$10, 0) + 1), VLOOKUP($A32,'Data Feed (20C)'!$A$1:$G$10,2,FALSE))))} -> JKL240702PROREP_20C_sample_1 | C32: {=IF(ISBLANK(A32),"",IF(A32="PROREP (L)",VLOOKUP(LEFT($A32,6),'Data Feed (20C)'!$A$1:$G$10,3,FALSE),IF(A32="PROREP (S)", INDEX('Data Feed (20C)'!C:C, MATCH(LEFT($A32,6), 'Data Feed (20C)'!$A$1:$A$10, 0) + 1, +1), VLOOKUP($A32,'Data Feed (20C)'!$A$1:$G$10,3,FALSE))))} -> Protea repens | D32: {=IF(ISBLANK(A32),"",IF(A32="PROREP (L)",VLOOKUP(LEFT($A32,6),'Data Feed (20C)'!$A$1:$G$10,4,FALSE),IF(A32="PROREP (S)", INDEX('Data Feed (20C)'!D:D, MATCH(LEFT($A32,6), 'Data Feed (20C)'!$A$1:$A$10, 0) + 1, +1), VLOOKUP($A32,'Data Feed (20C)'!$A$1:$G$10,4,FALSE))))} -> 20C | E32: {=IF(ISBLANK(A32),"",IF(A32="PROREP (L)",VLOOKUP(LEFT($A32,6),'Data Feed (20C)'!$A$1:$G$10,7,FALSE),IF(A32="PROREP (S)", INDEX('Data Feed (20C)'!G:G, MATCH(LEFT($A32,6), 'Data Feed (20C)'!$A$1:$A$10, 0) + 1, +1), VLOOKUP($A32,'Data Feed (20C)'!$A$1:$G$10,7,FALSE))))} -> 1 | F32: 45477.622 | G32: 0.589
A33: =A32 -> PROREP (L) | B33: =IF(ISBLANK(A32),"",LEFT(B32,27)&VALUE(RIGHT(B32,1)+1)) -> JKL240702PROREP_20C_sample_2 | C33: =C32 -> Protea repens | D33: =D32 -> 20C | E33: =IF(ISBLANK(A32),"",E32+1) -> 2 | F33: =F32 -> 45477.622 | G33: 0.449
A34: =A33 -> PROREP (L) | B34: =IF(ISBLANK(A32),"",LEFT(B33,27)&VALUE(RIGHT(B33,1)+1)) -> JKL240702PROREP_20C_sample_3 | C34: =C33 -> Protea repens | D34: =D33 -> 20C | E34: =IF(ISBLANK(A32),"",E33+1) -> 3 | F34: =F33 -> 45477.622 | G34: 0.674
A35: =A34 -> PROREP (L) | B35: =IF(ISBLANK(A32),"",LEFT(B34,27)&VALUE(RIGHT(B34,1)+1)) -> JKL240702PROREP_20C_sample_4 | C35: =C34 -> Protea repens | D35: =D34 -> 20C | E35: =IF(ISBLANK(A32),"",E34+1) -> 4 | F35: =F34 -> 45477.622 | G35: 0.36
A36: =A35 -> PROREP (L) | B36: =IF(ISBLANK(A32),"",LEFT(B35,27)&VALUE(RIGHT(B35,1)+1)) -> JKL240702PROREP_20C_sample_5 | C36: =C35 -> Protea repens | D36: =D35 -> 20C | E36: =IF(ISBLANK(A32),"",E35+1) -> 5 | F36: =F35 -> 45477.622 | G36: 0.515
A37: =A36 -> PROREP (L) | B37: =IF(ISBLANK(A32),"",LEFT(B36,27)&VALUE(RIGHT(B36,1)+1)) -> JKL240702PROREP_20C_sample_6 | C37: =C36 -> Protea repens | D37: =D36 -> 20C | E37: =IF(ISBLANK(A32),"",E36+1) -> 6 | F37: =F36 -> 45477.622 | G37: 0.431
A38: ERIMON | B38: {=IF(ISBLANK(A38),"",IF(A38="PROREP (L)",VLOOKUP(LEFT($A38,6),'Data Feed (20C)'!$A$1:$G$10,2,FALSE),IF(A38="PROREP (S)", INDEX('Data Feed (20C)'!B:B, MATCH(LEFT($A38,6), 'Data Feed (20C)'!$A$1:$A$10, 0) + 1), VLOOKUP($A38,'Data Feed (20C)'!$A$1:$G$10,2,FALSE))))} -> JKS240702ERIMON_20C_sample_1 | C38: {=IF(ISBLANK(A38),"",IF(A38="PROREP (L)",VLOOKUP(LEFT($A38,6),'Data Feed (20C)'!$A$1:$G$10,3,FALSE),IF(A38="PROREP (S)", INDEX('Data Feed (20C)'!C:C, MATCH(LEFT($A38,6), 'Data Feed (20C)'!$A$1:$A$10, 0) + 1, +1), VLOOKUP($A38,'Data Feed (20C)'!$A$1:$G$10,3,FALSE))))} -> Erica monsoniana | D38: {=IF(ISBLANK(A38),"",IF(A38="PROREP (L)",VLOOKUP(LEFT($A38,6),'Data Feed (20C)'!$A$1:$G$10,4,FALSE),IF(A38="PROREP (S)", INDEX('Data Feed (20C)'!D:D, MATCH(LEFT($A38,6), 'Data Feed (20C)'!$A$1:$A$10, 0) + 1, +1), VLOOKUP($A38,'Data Feed (20C)'!$A$1:$G$10,4,FALSE))))} -> 20C | E38: {=IF(ISBLANK(A38),"",IF(A38="PROREP (L)",VLOOKUP(LEFT($A38,6),'Data Feed (20C)'!$A$1:$G$10,7,FALSE),IF(A38="PROREP (S)", INDEX('Data Feed (20C)'!G:G, MATCH(LEFT($A38,6), 'Data Feed (20C)'!$A$1:$A$10, 0) + 1, +1), VLOOKUP($A38,'Data Feed (20C)'!$A$1:$G$10,7,FALSE))))} -> 1 | F38: 45477.665 | G38: 3.124
A39: =A38 -> ERIMON | B39: =IF(ISBLANK(A38),"",LEFT(B38,27)&VALUE(RIGHT(B38,1)+1)) -> JKS240702ERIMON_20C_sample_2 | C39: =C38 -> Erica monsoniana | D39: =D38 -> 20C | E39: =IF(ISBLANK(A38),"",E38+1) -> 2 | F39: =F38 -> 45477.665 | G39: 2.539
A40: =A39 -> ERIMON | B40: =IF(ISBLANK(A38),"",LEFT(B39,27)&VALUE(RIGHT(B39,1)+1)) -> JKS240702ERIMON_20C_sample_3 | C40: =C39 -> Erica monsoniana | D40: =D39 -> 20C | E40: =IF(ISBLANK(A38),"",E39+1) -> 3 | F40: =F39 -> 45477.665 | G40: 2.496
A41: =A40 -> ERIMON | B41: =IF(ISBLANK(A38),"",LEFT(B40,27)&VALUE(RIGHT(B40,1)+1)) -> JKS240702ERIMON_20C_sample_4 | C41: =C40 -> Erica monsoniana | D41: =D40 -> 20C | E41: =IF(ISBLANK(A38),"",E40+1) -> 4 | F41: =F40 -> 45477.665 | G41: 1.616
A42: =A41 -> ERIMON | B42: =IF(ISBLANK(A38),"",LEFT(B41,27)&VALUE(RIGHT(B41,1)+1)) -> JKS240702ERIMON_20C_sample_5 | C42: =C41 -> Erica monsoniana | D42: =D41 -> 20C | E42: =IF(ISBLANK(A38),"",E41+1) -> 5 | F42: =F41 -> 45477.665 | G42: 2.154
A43: =A42 -> ERIMON | B43: =IF(ISBLANK(A38),"",LEFT(B42,27)&VALUE(RIGHT(B42,1)+1)) -> JKS240702ERIMON_20C_sample_6 | C43: =C42 -> Erica monsoniana | D43: =D42 -> 20C | E43: =IF(ISBLANK(A38),"",E42+1) -> 6 | F43: =F42 -> 45477.665 | G43: 1.023
A44: PROREP (L) | B44: {=IF(ISBLANK(A44),"",IF(A44="PROREP (L)",VLOOKUP(LEFT($A44,6),'Data Feed (20C)'!$A$1:$G$10,2,FALSE),IF(A44="PROREP (S)", INDEX('Data Feed (20C)'!B:B, MATCH(LEFT($A44,6), 'Data Feed (20C)'!$A$1:$A$10, 0) + 1), VLOOKUP($A44,'Data Feed (20C)'!$A$1:$G$10,2,FALSE))))} -> JKL240702PROREP_20C_sample_1 | C44: {=IF(ISBLANK(A44),"",IF(A44="PROREP (L)",VLOOKUP(LEFT($A44,6),'Data Feed (20C)'!$A$1:$G$10,3,FALSE),IF(A44="PROREP (S)", INDEX('Data Feed (20C)'!C:C, MATCH(LEFT($A44,6), 'Data Feed (20C)'!$A$1:$A$10, 0) + 1, +1), VLOOKUP($A44,'Data Feed (20C)'!$A$1:$G$10,3,FALSE))))} -> Protea repens | D44: {=IF(ISBLANK(A44),"",IF(A44="PROREP (L)",VLOOKUP(LEFT($A44,6),'Data Feed (20C)'!$A$1:$G$10,4,FALSE),IF(A44="PROREP (S)", INDEX('Data Feed (20C)'!D:D, MATCH(LEFT($A44,6), 'Data Feed (20C)'!$A$1:$A$10, 0) + 1, +1), VLOOKUP($A44,'Data Feed (20C)'!$A$1:$G$10,4,FALSE))))} -> 20C | E44: {=IF(ISBLANK(A44),"",IF(A44="PROREP (L)",VLOOKUP(LEFT($A44,6),'Data Feed (20C)'!$A$1:$G$10,7,FALSE),IF(A44="PROREP (S)", INDEX('Data Feed (20C)'!G:G, MATCH(LEFT($A44,6), 'Data Feed (20C)'!$A$1:$A$10, 0) + 1, +1), VLOOKUP($A44,'Data Feed (20C)'!$A$1:$G$10,7,FALSE))))} -> 1 | F44: 45477.667 | G44: 0.591
A45: =A44 -> PROREP (L) | B45: =IF(ISBLANK(A44),"",LEFT(B44,27)&VALUE(RIGHT(B44,1)+1)) -> JKL240702PROREP_20C_sample_2 | C45: =C44 -> Protea repens | D45: =D44 -> 20C | E45: =IF(ISBLANK(A44),"",E44+1) -> 2 | F45: =F44 -> 45477.667 | G45: 0.447
A46: =A45 -> PROREP (L) | B46: =IF(ISBLANK(A44),"",LEFT(B45,27)&VALUE(RIGHT(B45,1)+1)) -> JKL240702PROREP_20C_sample_3 | C46: =C45 -> Protea repens | D46: =D45 -> 20C | E46: =IF(ISBLANK(A44),"",E45+1) -> 3 | F46: =F45 -> 45477.667 | G46: 0.674
A47: =A46 -> PROREP (L) | B47: =IF(ISBLANK(A44),"",LEFT(B46,27)&VALUE(RIGHT(B46,1)+1)) -> JKL240702PROREP_20C_sample_4 | C47: =C46 -> Protea repens | D47: =D46 -> 20C | E47: =IF(ISBLANK(A44),"",E46+1) -> 4 | F47: =F46 -> 45477.667 | G47: 0.357
A48: =A47 -> PROREP (L) | B48: =IF(ISBLANK(A44),"",LEFT(B47,27)&VALUE(RIGHT(B47,1)+1)) -> JKL240702PROREP_20C_sample_5 | C48: =C47 -> Protea repens | D48: =D47 -> 20C | E48: =IF(ISBLANK(A44),"",E47+1) -> 5 | F48: =F47 -> 45477.667 | G48: 0.511
A49: =A48 -> PROREP (L) | B49: =IF(ISBLANK(A44),"",LEFT(B48,27)&VALUE(RIGHT(B48,1)+1)) -> JKL240702PROREP_20C_sample_6 | C49: =C48 -> Protea repens | D49: =D48 -> 20C | E49: =IF(ISBLANK(A44),"",E48+1) -> 6 | F49: =F48 -> 45477.667 | G49: 0.436
A50: PROREP (S) | B50: {=IF(ISBLANK(A50),"",IF(A50="PROREP (L)",VLOOKUP(LEFT($A50,6),'Data Feed (20C)'!$A$1:$G$10,2,FALSE),IF(A50="PROREP (S)", INDEX('Data Feed (20C)'!B:B, MATCH(LEFT($A50,6), 'Data Feed (20C)'!$A$1:$A$10, 0) + 1), VLOOKUP($A50,'Data Feed (20C)'!$A$1:$G$10,2,FALSE))))} -> JKS240702PROREP_20C_sample_1 | C50: {=IF(ISBLANK(A50),"",IF(A50="PROREP (L)",VLOOKUP(LEFT($A50,6),'Data Feed (20C)'!$A$1:$G$10,3,FALSE),IF(A50="PROREP (S)", INDEX('Data Feed (20C)'!C:C, MATCH(LEFT($A50,6), 'Data Feed (20C)'!$A$1:$A$10, 0) + 1, +1), VLOOKUP($A50,'Data Feed (20C)'!$A$1:$G$10,3,FALSE))))} -> Protea repens | D50: {=IF(ISBLANK(A50),"",IF(A50="PROREP (L)",VLOOKUP(LEFT($A50,6),'Data Feed (20C)'!$A$1:$G$10,4,FALSE),IF(A50="PROREP (S)", INDEX('Data Feed (20C)'!D:D, MATCH(LEFT($A50,6), 'Data Feed (20C)'!$A$1:$A$10, 0) + 1, +1), VLOOKUP($A50,'Data Feed (20C)'!$A$1:$G$10,4,FALSE))))} -> 20C | E50: {=IF(ISBLANK(A50),"",IF(A50="PROREP (L)",VLOOKUP(LEFT($A50,6),'Data Feed (20C)'!$A$1:$G$10,7,FALSE),IF(A50="PROREP (S)", INDEX('Data Feed (20C)'!G:G, MATCH(LEFT($A50,6), 'Data Feed (20C)'!$A$1:$A$10, 0) + 1, +1), VLOOKUP($A50,'Data Feed (20C)'!$A$1:$G$10,7,FALSE))))} -> 1 | F50: 45477.669 | G50: 3.492
A51: =A50 -> PROREP (S) | B51: =IF(ISBLANK(A50),"",LEFT(B50,27)&VALUE(RIGHT(B50,1)+1)) -> JKS240702PROREP_20C_sample_2 | C51: =C50 -> Protea repens | D51: =D50 -> 20C | E51: =IF(ISBLANK(A50),"",E50+1) -> 2 | F51: =F50 -> 45477.669 | G51: 12.948
A52: =A51 -> PROREP (S) | B52: =IF(ISBLANK(A50),"",LEFT(B51,27)&VALUE(RIGHT(B51,1)+1)) -> JKS240702PROREP_20C_sample_3 | C52: =C51 -> Protea repens | D52: =D51 -> 20C | E52: =IF(ISBLANK(A50),"",E51+1) -> 3 | F52: =F51 -> 45477.669 | G52: 16.457
A53: =A52 -> PROREP (S) | B53: =IF(ISBLANK(A50),"",LEFT(B52,27)&VALUE(RIGHT(B52,1)+1)) -> JKS240702PROREP_20C_sample_4 | C53: =C52 -> Protea repens | D53: =D52 -> 20C | E53: =IF(ISBLANK(A50),"",E52+1) -> 4 | F53: =F52 -> 45477.669 | G53: 7.566
A54: =A53 -> PROREP (S) | B54: =IF(ISBLANK(A50),"",LEFT(B53,27)&VALUE(RIGHT(B53,1)+1)) -> JKS240702PROREP_20C_sample_5 | C54: =C53 -> Protea repens | D54: =D53 -> 20C | E54: =IF(ISBLANK(A50),"",E53+1) -> 5 | F54: =F53 -> 45477.669 | G54: 7.216
A55: =A54 -> PROREP (S) | B55: =IF(ISBLANK(A50),"",LEFT(B54,27)&VALUE(RIGHT(B54,1)+1)) -> JKS240702PROREP_20C_sample_6 | C55: =C54 -> Protea repens | D55: =D54 -> 20C | E55: =IF(ISBLANK(A50),"",E54+1) -> 6 | F55: =F54 -> 45477.669 | G55: 26.797
A56: CANCON | B56: {=IF(ISBLANK(A56),"",IF(A56="PROREP (L)",VLOOKUP(LEFT($A56,6),'Data Feed (20C)'!$A$1:$G$10,2,FALSE),IF(A56="PROREP (S)", INDEX('Data Feed (20C)'!B:B, MATCH(LEFT($A56,6), 'Data Feed (20C)'!$A$1:$A$10, 0) + 1), VLOOKUP($A56,'Data Feed (20C)'!$A$1:$G$10,2,FALSE))))} -> JKS240702CANCON_20C_sample_1 | C56: {=IF(ISBLANK(A56),"",IF(A56="PROREP (L)",VLOOKUP(LEFT($A56,6),'Data Feed (20C)'!$A$1:$G$10,3,FALSE),IF(A56="PROREP (S)", INDEX('Data Feed (20C)'!C:C, MATCH(LEFT($A56,6), 'Data Feed (20C)'!$A$1:$A$10, 0) + 1, +1), VLOOKUP($A56,'Data Feed (20C)'!$A$1:$G$10,3,FALSE))))} -> Cannomois congesta | D56: {=IF(ISBLANK(A56),"",IF(A56="PROREP (L)",VLOOKUP(LEFT($A56,6),'Data Feed (20C)'!$A$1:$G$10,4,FALSE),IF(A56="PROREP (S)", INDEX('Data Feed (20C)'!D:D, MATCH(LEFT($A56,6), 'Data Feed (20C)'!$A$1:$A$10, 0) + 1, +1), VLOOKUP($A56,'Data Feed (20C)'!$A$1:$G$10,4,FALSE))))} -> 20C | E56: {=IF(ISBLANK(A56),"",IF(A56="PROREP (L)",VLOOKUP(LEFT($A56,6),'Data Feed (20C)'!$A$1:$G$10,7,FALSE),IF(A56="PROREP (S)", INDEX('Data Feed (20C)'!G:G, MATCH(LEFT($A56,6), 'Data Feed (20C)'!$A$1:$A$10, 0) + 1, +1), VLOOKUP($A56,'Data Feed (20C)'!$A$1:$G$10,7,FALSE))))} -> 1 | F56: 45477.728 | G56: 2.429
A57: =A56 -> CANCON | B57: =IF(ISBLANK(A56),"",LEFT(B56,27)&VALUE(RIGHT(B56,1)+1)) -> JKS240702CANCON_20C_sample_2 | C57: =C56 -> Cannomois congesta | D57: =D56 -> 20C | E57: =IF(ISBLANK(A56),"",E56+1) -> 2 | F57: =F56 -> 45477.728 | G57: 2.468
A58: =A57 -> CANCON | B58: =IF(ISBLANK(A56),"",LEFT(B57,27)&VALUE(RIGHT(B57,1)+1)) -> JKS240702CANCON_20C_sample_3 | C58: =C57 -> Cannomois congesta | D58: =D57 -> 20C | E58: =IF(ISBLANK(A56),"",E57+1) -> 3 | F58: =F57 -> 45477.728 | G58: 1.229
A59: =A58 -> CANCON | B59: =IF(ISBLANK(A56),"",LEFT(B58,27)&VALUE(RIGHT(B58,1)+1)) -> JKS240702CANCON_20C_sample_4 | C59: =C58 -> Cannomois congesta | D59: =D58 -> 20C | E59: =IF(ISBLANK(A56),"",E58+1) -> 4 | F59: =F58 -> 45477.728 | G59: 2.189
A60: =A59 -> CANCON | B60: =IF(ISBLANK(A56),"",LEFT(B59,27)&VALUE(RIGHT(B59,1)+1)) -> JKS240702CANCON_20C_sample_5 | C60: =C59 -> Cannomois congesta | D60: =D59 -> 20C | E60: =IF(ISBLANK(A56),"",E59+1) -> 5 | F60: =F59 -> 45477.728 | G60: 2.426
A61: =A60 -> CANCON | B61: =IF(ISBLANK(A56),"",LEFT(B60,27)&VALUE(RIGHT(B60,1)+1)) -> JKS240702CANCON_20C_sample_6 | C61: =C60 -> Cannomois congesta | D61: =D60 -> 20C | E61: =IF(ISBLANK(A56),"",E60+1) -> 6 | F61: =F60 -> 45477.728 | G61: 1.848
A62: ERIMON | B62: {=IF(ISBLANK(A62),"",IF(A62="PROREP (L)",VLOOKUP(LEFT($A62,6),'Data Feed (20C)'!$A$1:$G$10,2,FALSE),IF(A62="PROREP (S)", INDEX('Data Feed (20C)'!B:B, MATCH(LEFT($A62,6), 'Data Feed (20C)'!$A$1:$A$10, 0) + 1), VLOOKUP($A62,'Data Feed (20C)'!$A$1:$G$10,2,FALSE))))} -> JKS240702ERIMON_20C_sample_1 | C62: {=IF(ISBLANK(A62),"",IF(A62="PROREP (L)",VLOOKUP(LEFT($A62,6),'Data Feed (20C)'!$A$1:$G$10,3,FALSE),IF(A62="PROREP (S)", INDEX('Data Feed (20C)'!C:C, MATCH(LEFT($A62,6), 'Data Feed (20C)'!$A$1:$A$10, 0) + 1, +1), VLOOKUP($A62,'Data Feed (20C)'!$A$1:$G$10,3,FALSE))))} -> Erica monsoniana | D62: {=IF(ISBLANK(A62),"",IF(A62="PROREP (L)",VLOOKUP(LEFT($A62,6),'Data Feed (20C)'!$A$1:$G$10,4,FALSE),IF(A62="PROREP (S)", INDEX('Data Feed (20C)'!D:D, MATCH(LEFT($A62,6), 'Data Feed (20C)'!$A$1:$A$10, 0) + 1, +1), VLOOKUP($A62,'Data Feed (20C)'!$A$1:$G$10,4,FALSE))))} -> 20C | E62: {=IF(ISBLANK(A62),"",IF(A62="PROREP (L)",VLOOKUP(LEFT($A62,6),'Data Feed (20C)'!$A$1:$G$10,7,FALSE),IF(A62="PROREP (S)", INDEX('Data Feed (20C)'!G:G, MATCH(LEFT($A62,6), 'Data Feed (20C)'!$A$1:$A$10, 0) + 1, +1), VLOOKUP($A62,'Data Feed (20C)'!$A$1:$G$10,7,FALSE))))} -> 1 | F62: 45477.731 | G62: 3.035
A63: =A62 -> ERIMON | B63: =IF(ISBLANK(A62),"",LEFT(B62,27)&VALUE(RIGHT(B62,1)+1)) -> JKS240702ERIMON_20C_sample_2 | C63: =C62 -> Erica monsoniana | D63: =D62 -> 20C | E63: =IF(ISBLANK(A62),"",E62+1) -> 2 | F63: =F62 -> 45477.731 | G63: 2.488
A64: =A63 -> ERIMON | B64: =IF(ISBLANK(A62),"",LEFT(B63,27)&VALUE(RIGHT(B63,1)+1)) -> JKS240702ERIMON_20C_sample_3 | C64: =C63 -> Erica monsoniana | D64: =D63 -> 20C | E64: =IF(ISBLANK(A62),"",E63+1) -> 3 | F64: =F63 -> 45477.731 | G64: 2.431
A65: =A64 -> ERIMON | B65: =IF(ISBLANK(A62),"",LEFT(B64,27)&VALUE(RIGHT(B64,1)+1)) -> JKS240702ERIMON_20C_sample_4 | C65: =C64 -> Erica monsoniana | D65: =D64 -> 20C | E65: =IF(ISBLANK(A62),"",E64+1) -> 4 | F65: =F64 -> 45477.731 | G65: 1.575
A66: =A65 -> ERIMON | B66: =IF(ISBLANK(A62),"",LEFT(B65,27)&VALUE(RIGHT(B65,1)+1)) -> JKS240702ERIMON_20C_sample_5 | C66: =C65 -> Erica monsoniana | D66: =D65 -> 20C | E66: =IF(ISBLANK(A62),"",E65+1) -> 5 | F66: =F65 -> 45477.731 | G66: 2.106
A67: =A66 -> ERIMON | B67: =IF(ISBLANK(A62),"",LEFT(B66,27)&VALUE(RIGHT(B66,1)+1)) -> JKS240702ERIMON_20C_sample_6 | C67: =C66 -> Erica monsoniana | D67: =D66 -> 20C | E67: =IF(ISBLANK(A62),"",E66+1) -> 6 | F67: =F66 -> 45477.731 | G67: 1.003
A68: PROREP (L) | B68: {=IF(ISBLANK(A68),"",IF(A68="PROREP (L)",VLOOKUP(LEFT($A68,6),'Data Feed (20C)'!$A$1:$G$10,2,FALSE),IF(A68="PROREP (S)", INDEX('Data Feed (20C)'!B:B, MATCH(LEFT($A68,6), 'Data Feed (20C)'!$A$1:$A$10, 0) + 1), VLOOKUP($A68,'Data Feed (20C)'!$A$1:$G$10,2,FALSE))))} -> JKL240702PROREP_20C_sample_1 | C68: {=IF(ISBLANK(A68),"",IF(A68="PROREP (L)",VLOOKUP(LEFT($A68,6),'Data Feed (20C)'!$A$1:$G$10,3,FALSE),IF(A68="PROREP (S)", INDEX('Data Feed (20C)'!C:C, MATCH(LEFT($A68,6), 'Data Feed (20C)'!$A$1:$A$10, 0) + 1, +1), VLOOKUP($A68,'Data Feed (20C)'!$A$1:$G$10,3,FALSE))))} -> Protea repens | D68: {=IF(ISBLANK(A68),"",IF(A68="PROREP (L)",VLOOKUP(LEFT($A68,6),'Data Feed (20C)'!$A$1:$G$10,4,FALSE),IF(A68="PROREP (S)", INDEX('Data Feed (20C)'!D:D, MATCH(LEFT($A68,6), 'Data Feed (20C)'!$A$1:$A$10, 0) + 1, +1), VLOOKUP($A68,'Data Feed (20C)'!$A$1:$G$10,4,FALSE))))} -> 20C | E68: {=IF(ISBLANK(A68),"",IF(A68="PROREP (L)",VLOOKUP(LEFT($A68,6),'Data Feed (20C)'!$A$1:$G$10,7,FALSE),IF(A68="PROREP (S)", INDEX('Data Feed (20C)'!G:G, MATCH(LEFT($A68,6), 'Data Feed (20C)'!$A$1:$A$10, 0) + 1, +1), VLOOKUP($A68,'Data Feed (20C)'!$A$1:$G$10,7,FALSE))))} -> 1 | F68: 45477.733 | G68: 0.59
A69: =A68 -> PROREP (L) | B69: =IF(ISBLANK(A68),"",LEFT(B68,27)&VALUE(RIGHT(B68,1)+1)) -> JKL240702PROREP_20C_sample_2 | C69: =C68 -> Protea repens | D69: =D68 -> 20C | E69: =IF(ISBLANK(A68),"",E68+1) -> 2 | F69: =F68 -> 45477.733 | G69: 0.445
A70: =A69 -> PROREP (L) | B70: =IF(ISBLANK(A68),"",LEFT(B69,27)&VALUE(RIGHT(B69,1)+1)) -> JKL240702PROREP_20C_sample_3 | C70: =C69 -> Protea repens | D70: =D69 -> 20C | E70: =IF(ISBLANK(A68),"",E69+1) -> 3 | F70: =F69 -> 45477.733 | G70: 0.674
A71: =A70 -> PROREP (L) | B71: =IF(ISBLANK(A68),"",LEFT(B70,27)&VALUE(RIGHT(B70,1)+1)) -> JKL240702PROREP_20C_sample_4 | C71: =C70 -> Protea repens | D71: =D70 -> 20C | E71: =IF(ISBLANK(A68),"",E70+1) -> 4 | F71: =F70 -> 45477.733 | G71: 0.357
A72: =A71 -> PROREP (L) | B72: =IF(ISBLANK(A68),"",LEFT(B71,27)&VALUE(RIGHT(B71,1)+1)) -> JKL240702PROREP_20C_sample_5 | C72: =C71 -> Protea repens | D72: =D71 -> 20C | E72: =IF(ISBLANK(A68),"",E71+1) -> 5 | F72: =F71 -> 45477.733 | G72: 0.51
A73: =A72 -> PROREP (L) | B73: =IF(ISBLANK(A68),"",LEFT(B72,27)&VALUE(RIGHT(B72,1)+1)) -> JKL240702PROREP_20C_sample_6 | C73: =C72 -> Protea repens | D73: =D72 -> 20C | E73: =IF(ISBLANK(A68),"",E72+1) -> 6 | F73: =F72 -> 45477.733 | G73: 0.427
A74: PROREP (S) | B74: {=IF(ISBLANK(A74),"",IF(A74="PROREP (L)",VLOOKUP(LEFT($A74,6),'Data Feed (20C)'!$A$1:$G$10,2,FALSE),IF(A74="PROREP (S)", INDEX('Data Feed (20C)'!B:B, MATCH(LEFT($A74,6), 'Data Feed (20C)'!$A$1:$A$10, 0) + 1), VLOOKUP($A74,'Data Feed (20C)'!$A$1:$G$10,2,FALSE))))} -> JKS240702PROREP_20C_sample_1 | C74: {=IF(ISBLANK(A74),"",IF(A74="PROREP (L)",VLOOKUP(LEFT($A74,6),'Data Feed (20C)'!$A$1:$G$10,3,FALSE),IF(A74="PROREP (S)", INDEX('Data Feed (20C)'!C:C, MATCH(LEFT($A74,6), 'Data Feed (20C)'!$A$1:$A$10, 0) + 1, +1), VLOOKUP($A74,'Data Feed (20C)'!$A$1:$G$10,3,FALSE))))} -> Protea repens | D74: {=IF(ISBLANK(A74),"",IF(A74="PROREP (L)",VLOOKUP(LEFT($A74,6),'Data Feed (20C)'!$A$1:$G$10,4,FALSE),IF(A74="PROREP (S)", INDEX('Data Feed (20C)'!D:D, MATCH(LEFT($A74,6), 'Data Feed (20C)'!$A$1:$A$10, 0) + 1, +1), VLOOKUP($A74,'Data Feed (20C)'!$A$1:$G$10,4,FALSE))))} -> 20C | E74: {=IF(ISBLANK(A74),"",IF(A74="PROREP (L)",VLOOKUP(LEFT($A74,6),'Data Feed (20C)'!$A$1:$G$10,7,FALSE),IF(A74="PROREP (S)", INDEX('Data Feed (20C)'!G:G, MATCH(LEFT($A74,6), 'Data Feed (20C)'!$A$1:$A$10, 0) + 1, +1), VLOOKUP($A74,'Data Feed (20C)'!$A$1:$G$10,7,FALSE))))} -> 1 | F74: 45477.735 | G74: 3.479
A75: =A74 -> PROREP (S) | B75: =IF(ISBLANK(A74),"",LEFT(B74,27)&VALUE(RIGHT(B74,1)+1)) -> JKS240702PROREP_20C_sample_2 | C75: =C74 -> Protea repens | D75: =D74 -> 20C | E75: =IF(ISBLANK(A74),"",E74+1) -> 2 | F75: =F74 -> 45477.735 | G75: 12.898
A76: =A75 -> PROREP (S) | B76: =IF(ISBLANK(A74),"",LEFT(B75,27)&VALUE(RIGHT(B75,1)+1)) -> JKS240702PROREP_20C_sample_3 | C76: =C75 -> Protea repens | D76: =D75 -> 20C | E76: =IF(ISBLANK(A74),"",E75+1) -> 3 | F76: =F75 -> 45477.735 | G76: 16.339
A77: =A76 -> PROREP (S) | B77: =IF(ISBLANK(A74),"",LEFT(B76,27)&VALUE(RIGHT(B76,1)+1)) -> JKS240702PROREP_20C_sample_4 | C77: =C76 -> Protea repens | D77: =D76 -> 20C | E77: =IF(ISBLANK(A74),"",E76+1) -> 4 | F77: =F76 -> 45477.735 | G77: 7.518
A78: =A77 -> PROREP (S) | B78: =IF(ISBLANK(A74),"",LEFT(B77,27)&VALUE(RIGHT(B77,1)+1)) -> JKS240702PROREP_20C_sample_5 | C78: =C77 -> Protea repens | D78: =D77 -> 20C | E78: =IF(ISBLANK(A74),"",E77+1) -> 5 | F78: =F77 -> 45477.735 | G78: 7.175
A79: =A78 -> PROREP (S) | B79: =IF(ISBLANK(A74),"",LEFT(B78,27)&VALUE(RIGHT(B78,1)+1)) -> JKS240702PROREP_20C_sample_6 | C79: =C78 -> Protea repens | D79: =D78 -> 20C | E79: =IF(ISBLANK(A74),"",E78+1) -> 6 | F79: =F78 -> 45477.735 | G79: 26.634
A80: ERIMON | B80: {=IF(ISBLANK(A80),"",IF(A80="PROREP (L)",VLOOKUP(LEFT($A80,6),'Data Feed (20C)'!$A$1:$G$10,2,FALSE),IF(A80="PROREP (S)", INDEX('Data Feed (20C)'!B:B, MATCH(LEFT($A80,6), 'Data Feed (20C)'!$A$1:$A$10, 0) + 1), VLOOKUP($A80,'Data Feed (20C)'!$A$1:$G$10,2,FALSE))))} -> JKS240702ERIMON_20C_sample_1 | C80: {=IF(ISBLANK(A80),"",IF(A80="PROREP (L)",VLOOKUP(LEFT($A80,6),'Data Feed (20C)'!$A$1:$G$10,3,FALSE),IF(A80="PROREP (S)", INDEX('Data Feed (20C)'!C:C, MATCH(LEFT($A80,6), 'Data Feed (20C)'!$A$1:$A$10, 0) + 1, +1), VLOOKUP($A80,'Data Feed (20C)'!$A$1:$G$10,3,FALSE))))} -> Erica monsoniana | D80: {=IF(ISBLANK(A80),"",IF(A80="PROREP (L)",VLOOKUP(LEFT($A80,6),'Data Feed (20C)'!$A$1:$G$10,4,FALSE),IF(A80="PROREP (S)", INDEX('Data Feed (20C)'!D:D, MATCH(LEFT($A80,6), 'Data Feed (20C)'!$A$1:$A$10, 0) + 1, +1), VLOOKUP($A80,'Data Feed (20C)'!$A$1:$G$10,4,FALSE))))} -> 20C | E80: {=IF(ISBLANK(A80),"",IF(A80="PROREP (L)",VLOOKUP(LEFT($A80,6),'Data Feed (20C)'!$A$1:$G$10,7,FALSE),IF(A80="PROREP (S)", INDEX('Data Feed (20C)'!G:G, MATCH(LEFT($A80,6), 'Data Feed (20C)'!$A$1:$A$10, 0) + 1, +1), VLOOKUP($A80,'Data Feed (20C)'!$A$1:$G$10,7,FALSE))))} -> 1 | F80: 45477.76 | G80: 2.998
A81: =A80 -> ERIMON | B81: =IF(ISBLANK(A80),"",LEFT(B80,27)&VALUE(RIGHT(B80,1)+1)) -> JKS240702ERIMON_20C_sample_2 | C81: =C80 -> Erica monsoniana | D81: =D80 -> 20C | E81: =IF(ISBLANK(A80),"",E80+1) -> 2 | F81: =F80 -> 45477.76 | G81: 2.464
A82: =A81 -> ERIMON | B82: =IF(ISBLANK(A80),"",LEFT(B81,27)&VALUE(RIGHT(B81,1)+1)) -> JKS240702ERIMON_20C_sample_3 | C82: =C81 -> Erica monsoniana | D82: =D81 -> 20C | E82: =IF(ISBLANK(A80),"",E81+1) -> 3 | F82: =F81 -> 45477.76 | G82: 2.4
A83: =A82 -> ERIMON | B83: =IF(ISBLANK(A80),"",LEFT(B82,27)&VALUE(RIGHT(B82,1)+1)) -> JKS240702ERIMON_20C_sample_4 | C83: =C82 -> Erica monsoniana | D83: =D82 -> 20C | E83: =IF(ISBLANK(A80),"",E82+1) -> 4 | F83: =F82 -> 45477.76 | G83: 1.554
A84: =A83 -> ERIMON | B84: =IF(ISBLANK(A80),"",LEFT(B83,27)&VALUE(RIGHT(B83,1)+1)) -> JKS240702ERIMON_20C_sample_5 | C84: =C83 -> Erica monsoniana | D84: =D83 -> 20C | E84: =IF(ISBLANK(A80),"",E83+1) -> 5 | F84: =F83 -> 45477.76 | G84: 2.077
A85: =A84 -> ERIMON | B85: =IF(ISBLANK(A80),"",LEFT(B84,27)&VALUE(RIGHT(B84,1)+1)) -> JKS240702ERIMON_20C_sample_6 | C85: =C84 -> Erica monsoniana | D85: =D84 -> 20C | E85: =IF(ISBLANK(A80),"",E84+1) -> 6 | F85: =F84 -> 45477.76 | G85: 0.999
A86: PROREP (L) | B86: {=IF(ISBLANK(A86),"",IF(A86="PROREP (L)",VLOOKUP(LEFT($A86,6),'Data Feed (20C)'!$A$1:$G$10,2,FALSE),IF(A86="PROREP (S)", INDEX('Data Feed (20C)'!B:B, MATCH(LEFT($A86,6), 'Data Feed (20C)'!$A$1:$A$10, 0) + 1), VLOOKUP($A86,'Data Feed (20C)'!$A$1:$G$10,2,FALSE))))} -> JKL240702PROREP_20C_sample_1 | C86: {=IF(ISBLANK(A86),"",IF(A86="PROREP (L)",VLOOKUP(LEFT($A86,6),'Data Feed (20C)'!$A$1:$G$10,3,FALSE),IF(A86="PROREP (S)", INDEX('Data Feed (20C)'!C:C, MATCH(LEFT($A86,6), 'Data Feed (20C)'!$A$1:$A$10, 0) + 1, +1), VLOOKUP($A86,'Data Feed (20C)'!$A$1:$G$10,3,FALSE))))} -> Protea repens | D86: {=IF(ISBLANK(A86),"",IF(A86="PROREP (L)",VLOOKUP(LEFT($A86,6),'Data Feed (20C)'!$A$1:$G$10,4,FALSE),IF(A86="PROREP (S)", INDEX('Data Feed (20C)'!D:D, MATCH(LEFT($A86,6), 'Data Feed (20C)'!$A$1:$A$10, 0) + 1, +1), VLOOKUP($A86,'Data Feed (20C)'!$A$1:$G$10,4,FALSE))))} -> 20C | E86: {=IF(ISBLANK(A86),"",IF(A86="PROREP (L)",VLOOKUP(LEFT($A86,6),'Data Feed (20C)'!$A$1:$G$10,7,FALSE),IF(A86="PROREP (S)", INDEX('Data Feed (20C)'!G:G, MATCH(LEFT($A86,6), 'Data Feed (20C)'!$A$1:$A$10, 0) + 1, +1), VLOOKUP($A86,'Data Feed (20C)'!$A$1:$G$10,7,FALSE))))} -> 1 | F86: 45477.763 | G86: 0.593
A87: =A86 -> PROREP (L) | B87: =IF(ISBLANK(A86),"",LEFT(B86,27)&VALUE(RIGHT(B86,1)+1)) -> JKL240702PROREP_20C_sample_2 | C87: =C86 -> Protea repens | D87: =D86 -> 20C | E87: =IF(ISBLANK(A86),"",E86+1) -> 2 | F87: =F86 -> 45477.763 | G87: 0.447
A88: =A87 -> PROREP (L) | B88: =IF(ISBLANK(A86),"",LEFT(B87,27)&VALUE(RIGHT(B87,1)+1)) -> JKL240702PROREP_20C_sample_3 | C88: =C87 -> Protea repens | D88: =D87 -> 20C | E88: =IF(ISBLANK(A86),"",E87+1) -> 3 | F88: =F87 -> 45477.763 | G88: 0.676
A89: =A88 -> PROREP (L) | B89: =IF(ISBLANK(A86),"",LEFT(B88,27)&VALUE(RIGHT(B88,1)+1)) -> JKL240702PROREP_20C_sample_4 | C89: =C88 -> Protea repens | D89: =D88 -> 20C | E89: =IF(ISBLANK(A86),"",E88+1) -> 4 | F89: =F88 -> 45477.763 | G89: 0.358
A90: =A89 -> PROREP (L) | B90: =IF(ISBLANK(A86),"",LEFT(B89,27)&VALUE(RIGHT(B89,1)+1)) -> JKL240702PROREP_20C_sample_5 | C90: =C89 -> Protea repens | D90: =D89 -> 20C | E90: =IF(ISBLANK(A86),"",E89+1) -> 5 | F90: =F89 -> 45477.763 | G90: 0.511
A91: =A90 -> PROREP (L) | B91: =IF(ISBLANK(A86),"",LEFT(B90,27)&VALUE(RIGHT(B90,1)+1)) -> JKL240702PROREP_20C_sample_6 | C91: =C90 -> Protea repens | D91: =D90 -> 20C | E91: =IF(ISBLANK(A86),"",E90+1) -> 6 | F91: =F90 -> 45477.763 | G91: 0.432
A92: PROREP (S) | B92: {=IF(ISBLANK(A92),"",IF(A92="PROREP (L)",VLOOKUP(LEFT($A92,6),'Data Feed (20C)'!$A$1:$G$10,2,FALSE),IF(A92="PROREP (S)", INDEX('Data Feed (20C)'!B:B, MATCH(LEFT($A92,6), 'Data Feed (20C)'!$A$1:$A$10, 0) + 1), VLOOKUP($A92,'Data Feed (20C)'!$A$1:$G$10,2,FALSE))))} -> JKS240702PROREP_20C_sample_1 | C92: {=IF(ISBLANK(A92),"",IF(A92="PROREP (L)",VLOOKUP(LEFT($A92,6),'Data Feed (20C)'!$A$1:$G$10,3,FALSE),IF(A92="PROREP (S)", INDEX('Data Feed (20C)'!C:C, MATCH(LEFT($A92,6), 'Data Feed (20C)'!$A$1:$A$10, 0) + 1, +1), VLOOKUP($A92,'Data Feed (20C)'!$A$1:$G$10,3,FALSE))))} -> Protea repens | D92: {=IF(ISBLANK(A92),"",IF(A92="PROREP (L)",VLOOKUP(LEFT($A92,6),'Data Feed (20C)'!$A$1:$G$10,4,FALSE),IF(A92="PROREP (S)", INDEX('Data Feed (20C)'!D:D, MATCH(LEFT($A92,6), 'Data Feed (20C)'!$A$1:$A$10, 0) + 1, +1), VLOOKUP($A92,'Data Feed (20C)'!$A$1:$G$10,4,FALSE))))} -> 20C | E92: {=IF(ISBLANK(A92),"",IF(A92="PROREP (L)",VLOOKUP(LEFT($A92,6),'Data Feed (20C)'!$A$1:$G$10,7,FALSE),IF(A92="PROREP (S)", INDEX('Data Feed (20C)'!G:G, MATCH(LEFT($A92,6), 'Data Feed (20C)'!$A$1:$A$10, 0) + 1, +1), VLOOKUP($A92,'Data Feed (20C)'!$A$1:$G$10,7,FALSE))))} -> 1 | F92: 45477.766 | G92: 3.471
A93: =A92 -> PROREP (S) | B93: =IF(ISBLANK(A92),"",LEFT(B92,27)&VALUE(RIGHT(B92,1)+1)) -> JKS240702PROREP_20C_sample_2 | C93: =C92 -> Protea repens | D93: =D92 -> 20C | E93: =IF(ISBLANK(A92),"",E92+1) -> 2 | F93: =F92 -> 45477.766 | G93: 12.873
A94: =A93 -> PROREP (S) | B94: =IF(ISBLANK(A92),"",LEFT(B93,27)&VALUE(RIGHT(B93,1)+1)) -> JKS240702PROREP_20C_sample_3 | C94: =C93 -> Protea repens | D94: =D93 -> 20C | E94: =IF(ISBLANK(A92),"",E93+1) -> 3 | F94: =F93 -> 45477.766 | G94: 16.294
A95: =A94 -> PROREP (S) | B95: =IF(ISBLANK(A92),"",LEFT(B94,27)&VALUE(RIGHT(B94,1)+1)) -> JKS240702PROREP_20C_sample_4 | C95: =C94 -> Protea repens | D95: =D94 -> 20C | E95: =IF(ISBLANK(A92),"",E94+1) -> 4 | F95: =F94 -> 45477.766 | G95: 7.505
A96: =A95 -> PROREP (S) | B96: =IF(ISBLANK(A92),"",LEFT(B95,27)&VALUE(RIGHT(B95,1)+1)) -> JKS240702PROREP_20C_sample_5 | C96: =C95 -> Protea repens | D96: =D95 -> 20C | E96: =IF(ISBLANK(A92),"",E95+1) -> 5 | F96: =F95 -> 45477.766 | G96: 7.065
A97: =A96 -> PROREP (S) | B97: =IF(ISBLANK(A92),"",LEFT(B96,27)&VALUE(RIGHT(B96,1)+1)) -> JKS240702PROREP_20C_sample_6 | C97: =C96 -> Protea repens | D97: =D96 -> 20C | E97: =IF(ISBLANK(A92),"",E96+1) -> 6 | F97: =F96 -> 45477.766 | G97: 26.56
A98: CANCON | B98: {=IF(ISBLANK(A98),"",IF(A98="PROREP (L)",VLOOKUP(LEFT($A98,6),'Data Feed (20C)'!$A$1:$G$10,2,FALSE),IF(A98="PROREP (S)", INDEX('Data Feed (20C)'!B:B, MATCH(LEFT($A98,6), 'Data Feed (20C)'!$A$1:$A$10, 0) + 1), VLOOKUP($A98,'Data Feed (20C)'!$A$1:$G$10,2,FALSE))))} -> JKS240702CANCON_20C_sample_1 | C98: {=IF(ISBLANK(A98),"",IF(A98="PROREP (L)",VLOOKUP(LEFT($A98,6),'Data Feed (20C)'!$A$1:$G$10,3,FALSE),IF(A98="PROREP (S)", INDEX('Data Feed (20C)'!C:C, MATCH(LEFT($A98,6), 'Data Feed (20C)'!$A$1:$A$10, 0) + 1, +1), VLOOKUP($A98,'Data Feed (20C)'!$A$1:$G$10,3,FALSE))))} -> Cannomois congesta | D98: {=IF(ISBLANK(A98),"",IF(A98="PROREP (L)",VLOOKUP(LEFT($A98,6),'Data Feed (20C)'!$A$1:$G$10,4,FALSE),IF(A98="PROREP (S)", INDEX('Data Feed (20C)'!D:D, MATCH(LEFT($A98,6), 'Data Feed (20C)'!$A$1:$A$10, 0) + 1, +1), VLOOKUP($A98,'Data Feed (20C)'!$A$1:$G$10,4,FALSE))))} -> 20C | E98: {=IF(ISBLANK(A98),"",IF(A98="PROREP (L)",VLOOKUP(LEFT($A98,6),'Data Feed (20C)'!$A$1:$G$10,7,FALSE),IF(A98="PROREP (S)", INDEX('Data Feed (20C)'!G:G, MATCH(LEFT($A98,6), 'Data Feed (20C)'!$A$1:$A$10, 0) + 1, +1), VLOOKUP($A98,'Data Feed (20C)'!$A$1:$G$10,7,FALSE))))} -> 1 | F98: 45477.767 | G98: 2.406
A99: =A98 -> CANCON | B99: =IF(ISBLANK(A98),"",LEFT(B98,27)&VALUE(RIGHT(B98,1)+1)) -> JKS240702CANCON_20C_sample_2 | C99: =C98 -> Cannomois congesta | D99: =D98 -> 20C | E99: =IF(ISBLANK(A98),"",E98+1) -> 2 | F99: =F98 -> 45477.767 | G99: 2.458
A100: =A99 -> CANCON | B100: =IF(ISBLANK(A98),"",LEFT(B99,27)&VALUE(RIGHT(B99,1)+1)) -> JKS240702CANCON_20C_sample_3 | C100: =C99 -> Cannomois congesta | D100: =D99 -> 20C | E100: =IF(ISBLANK(A98),"",E99+1) -> 3 | F100: =F99 -> 45477.767 | G100: 1.227
...

Sheet 25C
A1: GENSPP | B1: ID_Code | C1: Species | D1: Treat | E1: Sample_no | F1: Date_Time | G1: Weight
A2: ERIMON | B2: {=IF(ISBLANK(A2),"",IF(A2="PROREP (L)",VLOOKUP(LEFT($A2,6),'Data Feed (25C)'!$A$1:$G$10,2,FALSE),IF(A2="PROREP (S)", INDEX('Data Feed (25C)'!B:B, MATCH(LEFT($A2,6), 'Data Feed (25C)'!$A$1:$A$10, 0) + 1), VLOOKUP($A2,'Data Feed (25C)'!$A$1:$G$10,2,FALSE))))} -> JKS240702ERIMON_25C_sample_1 | C2: {=IF(ISBLANK(A2),"",IF(A2="PROREP (L)",VLOOKUP(LEFT($A2,6),'Data Feed (25C)'!$A$1:$G$10,3,FALSE),IF(A2="PROREP (S)", INDEX('Data Feed (25C)'!C:C, MATCH(LEFT($A2,6), 'Data Feed (25C)'!$A$1:$A$10, 0) + 1, +1), VLOOKUP($A2,'Data Feed (25C)'!$A$1:$G$10,3,FALSE))))} -> Erica monsoniana | D2: {=IF(ISBLANK(A2),"",IF(A2="PROREP (L)",VLOOKUP(LEFT($A2,6),'Data Feed (25C)'!$A$1:$G$10,4,FALSE),IF(A2="PROREP (S)", INDEX('Data Feed (25C)'!D:D, MATCH(LEFT($A2,6), 'Data Feed (25C)'!$A$1:$A$10, 0) + 1, +1), VLOOKUP($A2,'Data Feed (25C)'!$A$1:$G$10,4,FALSE))))} -> 25C | E2: {=IF(ISBLANK(A2),"",IF(A2="PROREP (L)",VLOOKUP(LEFT($A2,6),'Data Feed (25C)'!$A$1:$G$10,7,FALSE),IF(A2="PROREP (S)", INDEX('Data Feed (25C)'!G:G, MATCH(LEFT($A2,6), 'Data Feed (25C)'!$A$1:$A$10, 0) + 1, +1), VLOOKUP($A2,'Data Feed (25C)'!$A$1:$G$10,7,FALSE))))} -> 1 | F2: 45477.525 | G2: 1.13
A3: =A2 -> ERIMON | B3: =IF(ISBLANK(A2),"",LEFT(B2,27)&VALUE(RIGHT(B2,1)+1)) -> JKS240702ERIMON_25C_sample_2 | C3: =C2 -> Erica monsoniana | D3: =D2 -> 25C | E3: =IF(ISBLANK(A2),"",E2+1) -> 2 | F3: =F2 -> 45477.525
A4: =A3 -> ERIMON | B4: =IF(ISBLANK(A2),"",LEFT(B3,27)&VALUE(RIGHT(B3,1)+1)) -> JKS240702ERIMON_25C_sample_3 | C4: =C3 -> Erica monsoniana | D4: =D3 -> 25C | E4: =IF(ISBLANK(A2),"",E3+1) -> 3 | F4: =F3 -> 45477.525 | G4: 1.56
A5: =A4 -> ERIMON | B5: =IF(ISBLANK(A2),"",LEFT(B4,27)&VALUE(RIGHT(B4,1)+1)) -> JKS240702ERIMON_25C_sample_4 | C5: =C4 -> Erica monsoniana | D5: =D4 -> 25C | E5: =IF(ISBLANK(A2),"",E4+1) -> 4 | F5: =F4 -> 45477.525 | G5: 3.06
A6: =A5 -> ERIMON | B6: =IF(ISBLANK(A2),"",LEFT(B5,27)&VALUE(RIGHT(B5,1)+1)) -> JKS240702ERIMON_25C_sample_5 | C6: =C5 -> Erica monsoniana | D6: =D5 -> 25C | E6: =IF(ISBLANK(A2),"",E5+1) -> 5 | F6: =F5 -> 45477.525 | G6: 2.25
A7: =A6 -> ERIMON | B7: =IF(ISBLANK(A2),"",LEFT(B6,27)&VALUE(RIGHT(B6,1)+1)) -> JKS240702ERIMON_25C_sample_6 | C7: =C6 -> Erica monsoniana | D7: =D6 -> 25C | E7: =IF(ISBLANK(A2),"",E6+1) -> 6 | F7: =F6 -> 45477.525
A8: PROREP (L) | B8: {=IF(ISBLANK(A8),"",IF(A8="PROREP (L)",VLOOKUP(LEFT($A8,6),'Data Feed (25C)'!$A$1:$G$10,2,FALSE),IF(A8="PROREP (S)", INDEX('Data Feed (25C)'!B:B, MATCH(LEFT($A8,6), 'Data Feed (25C)'!$A$1:$A$10, 0) + 1), VLOOKUP($A8,'Data Feed (25C)'!$A$1:$G$10,2,FALSE))))} -> JKL240702PROREP_25C_sample_1 | C8: {=IF(ISBLANK(A8),"",IF(A8="PROREP (L)",VLOOKUP(LEFT($A8,6),'Data Feed (25C)'!$A$1:$G$10,3,FALSE),IF(A8="PROREP (S)", INDEX('Data Feed (25C)'!C:C, MATCH(LEFT($A8,6), 'Data Feed (25C)'!$A$1:$A$10, 0) + 1, +1), VLOOKUP($A8,'Data Feed (25C)'!$A$1:$G$10,3,FALSE))))} -> Protea repens | D8: {=IF(ISBLANK(A8),"",IF(A8="PROREP (L)",VLOOKUP(LEFT($A8,6),'Data Feed (25C)'!$A$1:$G$10,4,FALSE),IF(A8="PROREP (S)", INDEX('Data Feed (25C)'!D:D, MATCH(LEFT($A8,6), 'Data Feed (25C)'!$A$1:$A$10, 0) + 1, +1), VLOOKUP($A8,'Data Feed (25C)'!$A$1:$G$10,4,FALSE))))} -> 25C | E8: {=IF(ISBLANK(A8),"",IF(A8="PROREP (L)",VLOOKUP(LEFT($A8,6),'Data Feed (25C)'!$A$1:$G$10,7,FALSE),IF(A8="PROREP (S)", INDEX('Data Feed (25C)'!G:G, MATCH(LEFT($A8,6), 'Data Feed (25C)'!$A$1:$A$10, 0) + 1, +1), VLOOKUP($A8,'Data Feed (25C)'!$A$1:$G$10,7,FALSE))))} -> 1 | F8: 45477.575 | G8: 0.41
A9: =A8 -> PROREP (L) | B9: =IF(ISBLANK(A8),"",LEFT(B8,27)&VALUE(RIGHT(B8,1)+1)) -> JKL240702PROREP_25C_sample_2 | C9: =C8 -> Protea repens | D9: =D8 -> 25C | E9: =IF(ISBLANK(A8),"",E8+1) -> 2 | F9: =F8 -> 45477.575 | G9: 0.56
A10: =A9 -> PROREP (L) | B10: =IF(ISBLANK(A8),"",LEFT(B9,27)&VALUE(RIGHT(B9,1)+1)) -> JKL240702PROREP_25C_sample_3 | C10: =C9 -> Protea repens | D10: =D9 -> 25C | E10: =IF(ISBLANK(A8),"",E9+1) -> 3 | F10: =F9 -> 45477.575 | G10: 0.7
A11: =A10 -> PROREP (L) | B11: =IF(ISBLANK(A8),"",LEFT(B10,27)&VALUE(RIGHT(B10,1)+1)) -> JKL240702PROREP_25C_sample_4 | C11: =C10 -> Protea repens | D11: =D10 -> 25C | E11: =IF(ISBLANK(A8),"",E10+1) -> 4 | F11: =F10 -> 45477.575 | G11: 0.49
A12: =A11 -> PROREP (L) | B12: =IF(ISBLANK(A8),"",LEFT(B11,27)&VALUE(RIGHT(B11,1)+1)) -> JKL240702PROREP_25C_sample_5 | C12: =C11 -> Protea repens | D12: =D11 -> 25C | E12: =IF(ISBLANK(A8),"",E11+1) -> 5 | F12: =F11 -> 45477.575 | G12: 0.48
A13: =A12 -> PROREP (L) | B13: =IF(ISBLANK(A8),"",LEFT(B12,27)&VALUE(RIGHT(B12,1)+1)) -> JKL240702PROREP_25C_sample_6 | C13: =C12 -> Protea repens | D13: =D12 -> 25C | E13: =IF(ISBLANK(A8),"",E12+1) -> 6 | F13: =F12 -> 45477.575 | G13: 0.57
A14: ERIMON | B14: {=IF(ISBLANK(A14),"",IF(A14="PROREP (L)",VLOOKUP(LEFT($A14,6),'Data Feed (25C)'!$A$1:$G$10,2,FALSE),IF(A14="PROREP (S)", INDEX('Data Feed (25C)'!B:B, MATCH(LEFT($A14,6), 'Data Feed (25C)'!$A$1:$A$10, 0) + 1), VLOOKUP($A14,'Data Feed (25C)'!$A$1:$G$10,2,FALSE))))} -> JKS240702ERIMON_25C_sample_1 | C14: {=IF(ISBLANK(A14),"",IF(A14="PROREP (L)",VLOOKUP(LEFT($A14,6),'Data Feed (25C)'!$A$1:$G$10,3,FALSE),IF(A14="PROREP (S)", INDEX('Data Feed (25C)'!C:C, MATCH(LEFT($A14,6), 'Data Feed (25C)'!$A$1:$A$10, 0) + 1, +1), VLOOKUP($A14,'Data Feed (25C)'!$A$1:$G$10,3,FALSE))))} -> Erica monsoniana | D14: {=IF(ISBLANK(A14),"",IF(A14="PROREP (L)",VLOOKUP(LEFT($A14,6),'Data Feed (25C)'!$A$1:$G$10,4,FALSE),IF(A14="PROREP (S)", INDEX('Data Feed (25C)'!D:D, MATCH(LEFT($A14,6), 'Data Feed (25C)'!$A$1:$A$10, 0) + 1, +1), VLOOKUP($A14,'Data Feed (25C)'!$A$1:$G$10,4,FALSE))))} -> 25C | E14: {=IF(ISBLANK(A14),"",IF(A14="PROREP (L)",VLOOKUP(LEFT($A14,6),'Data Feed (25C)'!$A$1:$G$10,7,FALSE),IF(A14="PROREP (S)", INDEX('Data Feed (25C)'!G:G, MATCH(LEFT($A14,6), 'Data Feed (25C)'!$A$1:$A$10, 0) + 1, +1), VLOOKUP($A14,'Data Feed (25C)'!$A$1:$G$10,7,FALSE))))} -> 1 | F14: 45477.576 | G14: 1.03
A15: =A14 -> ERIMON | B15: =IF(ISBLANK(A14),"",LEFT(B14,27)&VALUE(RIGHT(B14,1)+1)) -> JKS240702ERIMON_25C_sample_2 | C15: =C14 -> Erica monsoniana | D15: =D14 -> 25C | E15: =IF(ISBLANK(A14),"",E14+1) -> 2 | F15: =F14 -> 45477.576
A16: =A15 -> ERIMON | B16: =IF(ISBLANK(A14),"",LEFT(B15,27)&VALUE(RIGHT(B15,1)+1)) -> JKS240702ERIMON_25C_sample_3 | C16: =C15 -> Erica monsoniana | D16: =D15 -> 25C | E16: =IF(ISBLANK(A14),"",E15+1) -> 3 | F16: =F15 -> 45477.576 | G16: 1.46
A17: =A16 -> ERIMON | B17: =IF(ISBLANK(A14),"",LEFT(B16,27)&VALUE(RIGHT(B16,1)+1)) -> JKS240702ERIMON_25C_sample_4 | C17: =C16 -> Erica monsoniana | D17: =D16 -> 25C | E17: =IF(ISBLANK(A14),"",E16+1) -> 4 | F17: =F16 -> 45477.576 | G17: 2.91
A18: =A17 -> ERIMON | B18: =IF(ISBLANK(A14),"",LEFT(B17,27)&VALUE(RIGHT(B17,1)+1)) -> JKS240702ERIMON_25C_sample_5 | C18: =C17 -> Erica monsoniana | D18: =D17 -> 25C | E18: =IF(ISBLANK(A14),"",E17+1) -> 5 | F18: =F17 -> 45477.576 | G18: 2.1
A19: =A18 -> ERIMON | B19: =IF(ISBLANK(A14),"",LEFT(B18,27)&VALUE(RIGHT(B18,1)+1)) -> JKS240702ERIMON_25C_sample_6 | C19: =C18 -> Erica monsoniana | D19: =D18 -> 25C | E19: =IF(ISBLANK(A14),"",E18+1) -> 6 | F19: =F18 -> 45477.576
A20: PROREP (S) | B20: {=IF(ISBLANK(A20),"",IF(A20="PROREP (L)",VLOOKUP(LEFT($A20,6),'Data Feed (25C)'!$A$1:$G$10,2,FALSE),IF(A20="PROREP (S)", INDEX('Data Feed (25C)'!B:B, MATCH(LEFT($A20,6), 'Data Feed (25C)'!$A$1:$A$10, 0) + 1), VLOOKUP($A20,'Data Feed (25C)'!$A$1:$G$10,2,FALSE))))} -> JKS240702PROREP_25C_sample_1 | C20: {=IF(ISBLANK(A20),"",IF(A20="PROREP (L)",VLOOKUP(LEFT($A20,6),'Data Feed (25C)'!$A$1:$G$10,3,FALSE),IF(A20="PROREP (S)", INDEX('Data Feed (25C)'!C:C, MATCH(LEFT($A20,6), 'Data Feed (25C)'!$A$1:$A$10, 0) + 1, +1), VLOOKUP($A20,'Data Feed (25C)'!$A$1:$G$10,3,FALSE))))} -> Protea repens | D20: {=IF(ISBLANK(A20),"",IF(A20="PROREP (L)",VLOOKUP(LEFT($A20,6),'Data Feed (25C)'!$A$1:$G$10,4,FALSE),IF(A20="PROREP (S)", INDEX('Data Feed (25C)'!D:D, MATCH(LEFT($A20,6), 'Data Feed (25C)'!$A$1:$A$10, 0) + 1, +1), VLOOKUP($A20,'Data Feed (25C)'!$A$1:$G$10,4,FALSE))))} -> 25C | E20: {=IF(ISBLANK(A20),"",IF(A20="PROREP (L)",VLOOKUP(LEFT($A20,6),'Data Feed (25C)'!$A$1:$G$10,7,FALSE),IF(A20="PROREP (S)", INDEX('Data Feed (25C)'!G:G, MATCH(LEFT($A20,6), 'Data Feed (25C)'!$A$1:$A$10, 0) + 1, +1), VLOOKUP($A20,'Data Feed (25C)'!$A$1:$G$10,7,FALSE))))} -> 1 | F20: 45477.616 | G20: 12.29
A21: =A20 -> PROREP (S) | B21: =IF(ISBLANK(A20),"",LEFT(B20,27)&VALUE(RIGHT(B20,1)+1)) -> JKS240702PROREP_25C_sample_2 | C21: =C20 -> Protea repens | D21: =D20 -> 25C | E21: =IF(ISBLANK(A20),"",E20+1) -> 2 | F21: =F20 -> 45477.616 | G21: 9.9
A22: =A21 -> PROREP (S) | B22: =IF(ISBLANK(A20),"",LEFT(B21,27)&VALUE(RIGHT(B21,1)+1)) -> JKS240702PROREP_25C_sample_3 | C22: =C21 -> Protea repens | D22: =D21 -> 25C | E22: =IF(ISBLANK(A20),"",E21+1) -> 3 | F22: =F21 -> 45477.616
A23: =A22 -> PROREP (S) | B23: =IF(ISBLANK(A20),"",LEFT(B22,27)&VALUE(RIGHT(B22,1)+1)) -> JKS240702PROREP_25C_sample_4 | C23: =C22 -> Protea repens | D23: =D22 -> 25C | E23: =IF(ISBLANK(A20),"",E22+1) -> 4 | F23: =F22 -> 45477.616 | G23: 2.74
A24: =A23 -> PROREP (S) | B24: =IF(ISBLANK(A20),"",LEFT(B23,27)&VALUE(RIGHT(B23,1)+1)) -> JKS240702PROREP_25C_sample_5 | C24: =C23 -> Protea repens | D24: =D23 -> 25C | E24: =IF(ISBLANK(A20),"",E23+1) -> 5 | F24: =F23 -> 45477.616
A25: =A24 -> PROREP (S) | B25: =IF(ISBLANK(A20),"",LEFT(B24,27)&VALUE(RIGHT(B24,1)+1)) -> JKS240702PROREP_25C_sample_6 | C25: =C24 -> Protea repens | D25: =D24 -> 25C | E25: =IF(ISBLANK(A20),"",E24+1) -> 6 | F25: =F24 -> 45477.616 | G25: 5.01
A26: ERIMON | B26: {=IF(ISBLANK(A26),"",IF(A26="PROREP (L)",VLOOKUP(LEFT($A26,6),'Data Feed (25C)'!$A$1:$G$10,2,FALSE),IF(A26="PROREP (S)", INDEX('Data Feed (25C)'!B:B, MATCH(LEFT($A26,6), 'Data Feed (25C)'!$A$1:$A$10, 0) + 1), VLOOKUP($A26,'Data Feed (25C)'!$A$1:$G$10,2,FALSE))))} -> JKS240702ERIMON_25C_sample_1 | C26: {=IF(ISBLANK(A26),"",IF(A26="PROREP (L)",VLOOKUP(LEFT($A26,6),'Data Feed (25C)'!$A$1:$G$10,3,FALSE),IF(A26="PROREP (S)", INDEX('Data Feed (25C)'!C:C, MATCH(LEFT($A26,6), 'Data Feed (25C)'!$A$1:$A$10, 0) + 1, +1), VLOOKUP($A26,'Data Feed (25C)'!$A$1:$G$10,3,FALSE))))} -> Erica monsoniana | D26: {=IF(ISBLANK(A26),"",IF(A26="PROREP (L)",VLOOKUP(LEFT($A26,6),'Data Feed (25C)'!$A$1:$G$10,4,FALSE),IF(A26="PROREP (S)", INDEX('Data Feed (25C)'!D:D, MATCH(LEFT($A26,6), 'Data Feed (25C)'!$A$1:$A$10, 0) + 1, +1), VLOOKUP($A26,'Data Feed (25C)'!$A$1:$G$10,4,FALSE))))} -> 25C | E26: {=IF(ISBLANK(A26),"",IF(A26="PROREP (L)",VLOOKUP(LEFT($A26,6),'Data Feed (25C)'!$A$1:$G$10,7,FALSE),IF(A26="PROREP (S)", INDEX('Data Feed (25C)'!G:G, MATCH(LEFT($A26,6), 'Data Feed (25C)'!$A$1:$A$10, 0) + 1, +1), VLOOKUP($A26,'Data Feed (25C)'!$A$1:$G$10,7,FALSE))))} -> 1 | F26: 45477.618 | G26: 1.01
A27: =A26 -> ERIMON | B27: =IF(ISBLANK(A26),"",LEFT(B26,27)&VALUE(RIGHT(B26,1)+1)) -> JKS240702ERIMON_25C_sample_2 | C27: =C26 -> Erica monsoniana | D27: =D26 -> 25C | E27: =IF(ISBLANK(A26),"",E26+1) -> 2 | F27: =F26 -> 45477.618
A28: =A27 -> ERIMON | B28: =IF(ISBLANK(A26),"",LEFT(B27,27)&VALUE(RIGHT(B27,1)+1)) -> JKS240702ERIMON_25C_sample_3 | C28: =C27 -> Erica monsoniana | D28: =D27 -> 25C | E28: =IF(ISBLANK(A26),"",E27+1) -> 3 | F28: =F27 -> 45477.618 | G28: 1.42
A29: =A28 -> ERIMON | B29: =IF(ISBLANK(A26),"",LEFT(B28,27)&VALUE(RIGHT(B28,1)+1)) -> JKS240702ERIMON_25C_sample_4 | C29: =C28 -> Erica monsoniana | D29: =D28 -> 25C | E29: =IF(ISBLANK(A26),"",E28+1) -> 4 | F29: =F28 -> 45477.618 | G29: 2.82
A30: =A29 -> ERIMON | B30: =IF(ISBLANK(A26),"",LEFT(B29,27)&VALUE(RIGHT(B29,1)+1)) -> JKS240702ERIMON_25C_sample_5 | C30: =C29 -> Erica monsoniana | D30: =D29 -> 25C | E30: =IF(ISBLANK(A26),"",E29+1) -> 5 | F30: =F29 -> 45477.618 | G30: 2.04
A31: =A30 -> ERIMON | B31: =IF(ISBLANK(A26),"",LEFT(B30,27)&VALUE(RIGHT(B30,1)+1)) -> JKS240702ERIMON_25C_sample_6 | C31: =C30 -> Erica monsoniana | D31: =D30 -> 25C | E31: =IF(ISBLANK(A26),"",E30+1) -> 6 | F31: =F30 -> 45477.618 | G31: 5.42
A32: PROREP (L) | B32: {=IF(ISBLANK(A32),"",IF(A32="PROREP (L)",VLOOKUP(LEFT($A32,6),'Data Feed (25C)'!$A$1:$G$10,2,FALSE),IF(A32="PROREP (S)", INDEX('Data Feed (25C)'!B:B, MATCH(LEFT($A32,6), 'Data Feed (25C)'!$A$1:$A$10, 0) + 1), VLOOKUP($A32,'Data Feed (25C)'!$A$1:$G$10,2,FALSE))))} -> JKL240702PROREP_25C_sample_1 | C32: {=IF(ISBLANK(A32),"",IF(A32="PROREP (L)",VLOOKUP(LEFT($A32,6),'Data Feed (25C)'!$A$1:$G$10,3,FALSE),IF(A32="PROREP (S)", INDEX('Data Feed (25C)'!C:C, MATCH(LEFT($A32,6), 'Data Feed (25C)'!$A$1:$A$10, 0) + 1, +1), VLOOKUP($A32,'Data Feed (25C)'!$A$1:$G$10,3,FALSE))))} -> Protea repens | D32: {=IF(ISBLANK(A32),"",IF(A32="PROREP (L)",VLOOKUP(LEFT($A32,6),'Data Feed (25C)'!$A$1:$G$10,4,FALSE),IF(A32="PROREP (S)", INDEX('Data Feed (25C)'!D:D, MATCH(LEFT($A32,6), 'Data Feed (25C)'!$A$1:$A$10, 0) + 1, +1), VLOOKUP($A32,'Data Feed (25C)'!$A$1:$G$10,4,FALSE))))} -> 25C | E32: {=IF(ISBLANK(A32),"",IF(A32="PROREP (L)",VLOOKUP(LEFT($A32,6),'Data Feed (25C)'!$A$1:$G$10,7,FALSE),IF(A32="PROREP (S)", INDEX('Data Feed (25C)'!G:G, MATCH(LEFT($A32,6), 'Data Feed (25C)'!$A$1:$A$10, 0) + 1, +1), VLOOKUP($A32,'Data Feed (25C)'!$A$1:$G$10,7,FALSE))))} -> 1 | F32: 45477.619 | G32: 0.41
A33: =A32 -> PROREP (L) | B33: =IF(ISBLANK(A32),"",LEFT(B32,27)&VALUE(RIGHT(B32,1)+1)) -> JKL240702PROREP_25C_sample_2 | C33: =C32 -> Protea repens | D33: =D32 -> 25C | E33: =IF(ISBLANK(A32),"",E32+1) -> 2 | F33: =F32 -> 45477.619 | G33: 0.56
A34: =A33 -> PROREP (L) | B34: =IF(ISBLANK(A32),"",LEFT(B33,27)&VALUE(RIGHT(B33,1)+1)) -> JKL240702PROREP_25C_sample_3 | C34: =C33 -> Protea repens | D34: =D33 -> 25C | E34: =IF(ISBLANK(A32),"",E33+1) -> 3 | F34: =F33 -> 45477.619 | G34: 0.7
A35: =A34 -> PROREP (L) | B35: =IF(ISBLANK(A32),"",LEFT(B34,27)&VALUE(RIGHT(B34,1)+1)) -> JKL240702PROREP_25C_sample_4 | C35: =C34 -> Protea repens | D35: =D34 -> 25C | E35: =IF(ISBLANK(A32),"",E34+1) -> 4 | F35: =F34 -> 45477.619 | G35: 0.48
A36: =A35 -> PROREP (L) | B36: =IF(ISBLANK(A32),"",LEFT(B35,27)&VALUE(RIGHT(B35,1)+1)) -> JKL240702PROREP_25C_sample_5 | C36: =C35 -> Protea repens | D36: =D35 -> 25C | E36: =IF(ISBLANK(A32),"",E35+1) -> 5 | F36: =F35 -> 45477.619 | G36: 0.48
A37: =A36 -> PROREP (L) | B37: =IF(ISBLANK(A32),"",LEFT(B36,27)&VALUE(RIGHT(B36,1)+1)) -> JKL240702PROREP_25C_sample_6 | C37: =C36 -> Protea repens | D37: =D36 -> 25C | E37: =IF(ISBLANK(A32),"",E36+1) -> 6 | F37: =F36 -> 45477.619 | G37: 0.55
A38: ERIMON | B38: {=IF(ISBLANK(A38),"",IF(A38="PROREP (L)",VLOOKUP(LEFT($A38,6),'Data Feed (25C)'!$A$1:$G$10,2,FALSE),IF(A38="PROREP (S)", INDEX('Data Feed (25C)'!B:B, MATCH(LEFT($A38,6), 'Data Feed (25C)'!$A$1:$A$10, 0) + 1), VLOOKUP($A38,'Data Feed (25C)'!$A$1:$G$10,2,FALSE))))} -> JKS240702ERIMON_25C_sample_1 | C38: {=IF(ISBLANK(A38),"",IF(A38="PROREP (L)",VLOOKUP(LEFT($A38,6),'Data Feed (25C)'!$A$1:$G$10,3,FALSE),IF(A38="PROREP (S)", INDEX('Data Feed (25C)'!C:C, MATCH(LEFT($A38,6), 'Data Feed (25C)'!$A$1:$A$10, 0) + 1, +1), VLOOKUP($A38,'Data Feed (25C)'!$A$1:$G$10,3,FALSE))))} -> Erica monsoniana | D38: {=IF(ISBLANK(A38),"",IF(A38="PROREP (L)",VLOOKUP(LEFT($A38,6),'Data Feed (25C)'!$A$1:$G$10,4,FALSE),IF(A38="PROREP (S)", INDEX('Data Feed (25C)'!D:D, MATCH(LEFT($A38,6), 'Data Feed (25C)'!$A$1:$A$10, 0) + 1, +1), VLOOKUP($A38,'Data Feed (25C)'!$A$1:$G$10,4,FALSE))))} -> 25C | E38: {=IF(ISBLANK(A38),"",IF(A38="PROREP (L)",VLOOKUP(LEFT($A38,6),'Data Feed (25C)'!$A$1:$G$10,7,FALSE),IF(A38="PROREP (S)", INDEX('Data Feed (25C)'!G:G, MATCH(LEFT($A38,6), 'Data Feed (25C)'!$A$1:$A$10, 0) + 1, +1), VLOOKUP($A38,'Data Feed (25C)'!$A$1:$G$10,7,FALSE))))} -> 1 | F38: 45477.662 | G38: 0.96
A39: =A38 -> ERIMON | B39: =IF(ISBLANK(A38),"",LEFT(B38,27)&VALUE(RIGHT(B38,1)+1)) -> JKS240702ERIMON_25C_sample_2 | C39: =C38 -> Erica monsoniana | D39: =D38 -> 25C | E39: =IF(ISBLANK(A38),"",E38+1) -> 2 | F39: =F38 -> 45477.662 | G39: 4.05
A40: =A39 -> ERIMON | B40: =IF(ISBLANK(A38),"",LEFT(B39,27)&VALUE(RIGHT(B39,1)+1)) -> JKS240702ERIMON_25C_sample_3 | C40: =C39 -> Erica monsoniana | D40: =D39 -> 25C | E40: =IF(ISBLANK(A38),"",E39+1) -> 3 | F40: =F39 -> 45477.662 | G40: 1.37
A41: =A40 -> ERIMON | B41: =IF(ISBLANK(A38),"",LEFT(B40,27)&VALUE(RIGHT(B40,1)+1)) -> JKS240702ERIMON_25C_sample_4 | C41: =C40 -> Erica monsoniana | D41: =D40 -> 25C | E41: =IF(ISBLANK(A38),"",E40+1) -> 4 | F41: =F40 -> 45477.662 | G41: 2.69
A42: =A41 -> ERIMON | B42: =IF(ISBLANK(A38),"",LEFT(B41,27)&VALUE(RIGHT(B41,1)+1)) -> JKS240702ERIMON_25C_sample_5 | C42: =C41 -> Erica monsoniana | D42: =D41 -> 25C | E42: =IF(ISBLANK(A38),"",E41+1) -> 5 | F42: =F41 -> 45477.662 | G42: 1.95
A43: =A42 -> ERIMON | B43: =IF(ISBLANK(A38),"",LEFT(B42,27)&VALUE(RIGHT(B42,1)+1)) -> JKS240702ERIMON_25C_sample_6 | C43: =C42 -> Erica monsoniana | D43: =D42 -> 25C | E43: =IF(ISBLANK(A38),"",E42+1) -> 6 | F43: =F42 -> 45477.662 | G43: 5.24
A44: PROREP (L) | B44: {=IF(ISBLANK(A44),"",IF(A44="PROREP (L)",VLOOKUP(LEFT($A44,6),'Data Feed (25C)'!$A$1:$G$10,2,FALSE),IF(A44="PROREP (S)", INDEX('Data Feed (25C)'!B:B, MATCH(LEFT($A44,6), 'Data Feed (25C)'!$A$1:$A$10, 0) + 1), VLOOKUP($A44,'Data Feed (25C)'!$A$1:$G$10,2,FALSE))))} -> JKL240702PROREP_25C_sample_1 | C44: {=IF(ISBLANK(A44),"",IF(A44="PROREP (L)",VLOOKUP(LEFT($A44,6),'Data Feed (25C)'!$A$1:$G$10,3,FALSE),IF(A44="PROREP (S)", INDEX('Data Feed (25C)'!C:C, MATCH(LEFT($A44,6), 'Data Feed (25C)'!$A$1:$A$10, 0) + 1, +1), VLOOKUP($A44,'Data Feed (25C)'!$A$1:$G$10,3,FALSE))))} -> Protea repens | D44: {=IF(ISBLANK(A44),"",IF(A44="PROREP (L)",VLOOKUP(LEFT($A44,6),'Data Feed (25C)'!$A$1:$G$10,4,FALSE),IF(A44="PROREP (S)", INDEX('Data Feed (25C)'!D:D, MATCH(LEFT($A44,6), 'Data Feed (25C)'!$A$1:$A$10, 0) + 1, +1), VLOOKUP($A44,'Data Feed (25C)'!$A$1:$G$10,4,FALSE))))} -> 25C | E44: {=IF(ISBLANK(A44),"",IF(A44="PROREP (L)",VLOOKUP(LEFT($A44,6),'Data Feed (25C)'!$A$1:$G$10,7,FALSE),IF(A44="PROREP (S)", INDEX('Data Feed (25C)'!G:G, MATCH(LEFT($A44,6), 'Data Feed (25C)'!$A$1:$A$10, 0) + 1, +1), VLOOKUP($A44,'Data Feed (25C)'!$A$1:$G$10,7,FALSE))))} -> 1 | F44: 45477.664 | G44: 0.39
A45: =A44 -> PROREP (L) | B45: =IF(ISBLANK(A44),"",LEFT(B44,27)&VALUE(RIGHT(B44,1)+1)) -> JKL240702PROREP_25C_sample_2 | C45: =C44 -> Protea repens | D45: =D44 -> 25C | E45: =IF(ISBLANK(A44),"",E44+1) -> 2 | F45: =F44 -> 45477.664 | G45: 0.56
A46: =A45 -> PROREP (L) | B46: =IF(ISBLANK(A44),"",LEFT(B45,27)&VALUE(RIGHT(B45,1)+1)) -> JKL240702PROREP_25C_sample_3 | C46: =C45 -> Protea repens | D46: =D45 -> 25C | E46: =IF(ISBLANK(A44),"",E45+1) -> 3 | F46: =F45 -> 45477.664 | G46: 0.72
A47: =A46 -> PROREP (L) | B47: =IF(ISBLANK(A44),"",LEFT(B46,27)&VALUE(RIGHT(B46,1)+1)) -> JKL240702PROREP_25C_sample_4 | C47: =C46 -> Protea repens | D47: =D46 -> 25C | E47: =IF(ISBLANK(A44),"",E46+1) -> 4 | F47: =F46 -> 45477.664 | G47: 0.49
A48: =A47 -> PROREP (L) | B48: =IF(ISBLANK(A44),"",LEFT(B47,27)&VALUE(RIGHT(B47,1)+1)) -> JKL240702PROREP_25C_sample_5 | C48: =C47 -> Protea repens | D48: =D47 -> 25C | E48: =IF(ISBLANK(A44),"",E47+1) -> 5 | F48: =F47 -> 45477.664 | G48: 0.48
A49: =A48 -> PROREP (L) | B49: =IF(ISBLANK(A44),"",LEFT(B48,27)&VALUE(RIGHT(B48,1)+1)) -> JKL240702PROREP_25C_sample_6 | C49: =C48 -> Protea repens | D49: =D48 -> 25C | E49: =IF(ISBLANK(A44),"",E48+1) -> 6 | F49: =F48 -> 45477.664 | G49: 0.51
A50: PROREP (S) | B50: {=IF(ISBLANK(A50),"",IF(A50="PROREP (L)",VLOOKUP(LEFT($A50,6),'Data Feed (25C)'!$A$1:$G$10,2,FALSE),IF(A50="PROREP (S)", INDEX('Data Feed (25C)'!B:B, MATCH(LEFT($A50,6), 'Data Feed (25C)'!$A$1:$A$10, 0) + 1), VLOOKUP($A50,'Data Feed (25C)'!$A$1:$G$10,2,FALSE))))} -> JKS240702PROREP_25C_sample_1 | C50: {=IF(ISBLANK(A50),"",IF(A50="PROREP (L)",VLOOKUP(LEFT($A50,6),'Data Feed (25C)'!$A$1:$G$10,3,FALSE),IF(A50="PROREP (S)", INDEX('Data Feed (25C)'!C:C, MATCH(LEFT($A50,6), 'Data Feed (25C)'!$A$1:$A$10, 0) + 1, +1), VLOOKUP($A50,'Data Feed (25C)'!$A$1:$G$10,3,FALSE))))} -> Protea repens | D50: {=IF(ISBLANK(A50),"",IF(A50="PROREP (L)",VLOOKUP(LEFT($A50,6),'Data Feed (25C)'!$A$1:$G$10,4,FALSE),IF(A50="PROREP (S)", INDEX('Data Feed (25C)'!D:D, MATCH(LEFT($A50,6), 'Data Feed (25C)'!$A$1:$A$10, 0) + 1, +1), VLOOKUP($A50,'Data Feed (25C)'!$A$1:$G$10,4,FALSE))))} -> 25C | E50: {=IF(ISBLANK(A50),"",IF(A50="PROREP (L)",VLOOKUP(LEFT($A50,6),'Data Feed (25C)'!$A$1:$G$10,7,FALSE),IF(A50="PROREP (S)", INDEX('Data Feed (25C)'!G:G, MATCH(LEFT($A50,6), 'Data Feed (25C)'!$A$1:$A$10, 0) + 1, +1), VLOOKUP($A50,'Data Feed (25C)'!$A$1:$G$10,7,FALSE))))} -> 1 | F50: 45477.665 | G50: 12.46
A51: =A50 -> PROREP (S) | B51: =IF(ISBLANK(A50),"",LEFT(B50,27)&VALUE(RIGHT(B50,1)+1)) -> JKS240702PROREP_25C_sample_2 | C51: =C50 -> Protea repens | D51: =D50 -> 25C | E51: =IF(ISBLANK(A50),"",E50+1) -> 2 | F51: =F50 -> 45477.665 | G51: 10.21
A52: =A51 -> PROREP (S) | B52: =IF(ISBLANK(A50),"",LEFT(B51,27)&VALUE(RIGHT(B51,1)+1)) -> JKS240702PROREP_25C_sample_3 | C52: =C51 -> Protea repens | D52: =D51 -> 25C | E52: =IF(ISBLANK(A50),"",E51+1) -> 3 | F52: =F51 -> 45477.665 | G52: 10.21
A53: =A52 -> PROREP (S) | B53: =IF(ISBLANK(A50),"",LEFT(B52,27)&VALUE(RIGHT(B52,1)+1)) -> JKS240702PROREP_25C_sample_4 | C53: =C52 -> Protea repens | D53: =D52 -> 25C | E53: =IF(ISBLANK(A50),"",E52+1) -> 4 | F53: =F52 -> 45477.665 | G53: 2.75
A54: =A53 -> PROREP (S) | B54: =IF(ISBLANK(A50),"",LEFT(B53,27)&VALUE(RIGHT(B53,1)+1)) -> JKS240702PROREP_25C_sample_5 | C54: =C53 -> Protea repens | D54: =D53 -> 25C | E54: =IF(ISBLANK(A50),"",E53+1) -> 5 | F54: =F53 -> 45477.665 | G54: 10.66
A55: =A54 -> PROREP (S) | B55: =IF(ISBLANK(A50),"",LEFT(B54,27)&VALUE(RIGHT(B54,1)+1)) -> JKS240702PROREP_25C_sample_6 | C55: =C54 -> Protea repens | D55: =D54 -> 25C | E55: =IF(ISBLANK(A50),"",E54+1) -> 6 | F55: =F54 -> 45477.665 | G55: 4.95
A56: CANCON | B56: {=IF(ISBLANK(A56),"",IF(A56="PROREP (L)",VLOOKUP(LEFT($A56,6),'Data Feed (25C)'!$A$1:$G$10,2,FALSE),IF(A56="PROREP (S)", INDEX('Data Feed (25C)'!B:B, MATCH(LEFT($A56,6), 'Data Feed (25C)'!$A$1:$A$10, 0) + 1), VLOOKUP($A56,'Data Feed (25C)'!$A$1:$G$10,2,FALSE))))} -> JKS240702CANCON_25C_sample_1 | C56: {=IF(ISBLANK(A56),"",IF(A56="PROREP (L)",VLOOKUP(LEFT($A56,6),'Data Feed (25C)'!$A$1:$G$10,3,FALSE),IF(A56="PROREP (S)", INDEX('Data Feed (25C)'!C:C, MATCH(LEFT($A56,6), 'Data Feed (25C)'!$A$1:$A$10, 0) + 1, +1), VLOOKUP($A56,'Data Feed (25C)'!$A$1:$G$10,3,FALSE))))} -> Cannomois congesta | D56: {=IF(ISBLANK(A56),"",IF(A56="PROREP (L)",VLOOKUP(LEFT($A56,6),'Data Feed (25C)'!$A$1:$G$10,4,FALSE),IF(A56="PROREP (S)", INDEX('Data Feed (25C)'!D:D, MATCH(LEFT($A56,6), 'Data Feed (25C)'!$A$1:$A$10, 0) + 1, +1), VLOOKUP($A56,'Data Feed (25C)'!$A$1:$G$10,4,FALSE))))} -> 25C | E56: {=IF(ISBLANK(A56),"",IF(A56="PROREP (L)",VLOOKUP(LEFT($A56,6),'Data Feed (25C)'!$A$1:$G$10,7,FALSE),IF(A56="PROREP (S)", INDEX('Data Feed (25C)'!G:G, MATCH(LEFT($A56,6), 'Data Feed (25C)'!$A$1:$A$10, 0) + 1, +1), VLOOKUP($A56,'Data Feed (25C)'!$A$1:$G$10,7,FALSE))))} -> 1 | F56: 45477.724 | G56: 0.94
A57: =A56 -> CANCON | B57: =IF(ISBLANK(A56),"",LEFT(B56,27)&VALUE(RIGHT(B56,1)+1)) -> JKS240702CANCON_25C_sample_2 | C57: =C56 -> Cannomois congesta | D57: =D56 -> 25C | E57: =IF(ISBLANK(A56),"",E56+1) -> 2 | F57: =F56 -> 45477.724 | G57: 1.34
A58: =A57 -> CANCON | B58: =IF(ISBLANK(A56),"",LEFT(B57,27)&VALUE(RIGHT(B57,1)+1)) -> JKS240702CANCON_25C_sample_3 | C58: =C57 -> Cannomois congesta | D58: =D57 -> 25C | E58: =IF(ISBLANK(A56),"",E57+1) -> 3 | F58: =F57 -> 45477.724 | G58: 2.37
A59: =A58 -> CANCON | B59: =IF(ISBLANK(A56),"",LEFT(B58,27)&VALUE(RIGHT(B58,1)+1)) -> JKS240702CANCON_25C_sample_4 | C59: =C58 -> Cannomois congesta | D59: =D58 -> 25C | E59: =IF(ISBLANK(A56),"",E58+1) -> 4 | F59: =F58 -> 45477.724 | G59: 1.18
A60: =A59 -> CANCON | B60: =IF(ISBLANK(A56),"",LEFT(B59,27)&VALUE(RIGHT(B59,1)+1)) -> JKS240702CANCON_25C_sample_5 | C60: =C59 -> Cannomois congesta | D60: =D59 -> 25C | E60: =IF(ISBLANK(A56),"",E59+1) -> 5 | F60: =F59 -> 45477.724 | G60: 3.45
A61: =A60 -> CANCON | B61: =IF(ISBLANK(A56),"",LEFT(B60,27)&VALUE(RIGHT(B60,1)+1)) -> JKS240702CANCON_25C_sample_6 | C61: =C60 -> Cannomois congesta | D61: =D60 -> 25C | E61: =IF(ISBLANK(A56),"",E60+1) -> 6 | F61: =F60 -> 45477.724 | G61: 3
A62: ERIMON | B62: {=IF(ISBLANK(A62),"",IF(A62="PROREP (L)",VLOOKUP(LEFT($A62,6),'Data Feed (25C)'!$A$1:$G$10,2,FALSE),IF(A62="PROREP (S)", INDEX('Data Feed (25C)'!B:B, MATCH(LEFT($A62,6), 'Data Feed (25C)'!$A$1:$A$10, 0) + 1), VLOOKUP($A62,'Data Feed (25C)'!$A$1:$G$10,2,FALSE))))} -> JKS240702ERIMON_25C_sample_1 | C62: {=IF(ISBLANK(A62),"",IF(A62="PROREP (L)",VLOOKUP(LEFT($A62,6),'Data Feed (25C)'!$A$1:$G$10,3,FALSE),IF(A62="PROREP (S)", INDEX('Data Feed (25C)'!C:C, MATCH(LEFT($A62,6), 'Data Feed (25C)'!$A$1:$A$10, 0) + 1, +1), VLOOKUP($A62,'Data Feed (25C)'!$A$1:$G$10,3,FALSE))))} -> Erica monsoniana | D62: {=IF(ISBLANK(A62),"",IF(A62="PROREP (L)",VLOOKUP(LEFT($A62,6),'Data Feed (25C)'!$A$1:$G$10,4,FALSE),IF(A62="PROREP (S)", INDEX('Data Feed (25C)'!D:D, MATCH(LEFT($A62,6), 'Data Feed (25C)'!$A$1:$A$10, 0) + 1, +1), VLOOKUP($A62,'Data Feed (25C)'!$A$1:$G$10,4,FALSE))))} -> 25C | E62: {=IF(ISBLANK(A62),"",IF(A62="PROREP (L)",VLOOKUP(LEFT($A62,6),'Data Feed (25C)'!$A$1:$G$10,7,FALSE),IF(A62="PROREP (S)", INDEX('Data Feed (25C)'!G:G, MATCH(LEFT($A62,6), 'Data Feed (25C)'!$A$1:$A$10, 0) + 1, +1), VLOOKUP($A62,'Data Feed (25C)'!$A$1:$G$10,7,FALSE))))} -> 1 | F62: 45477.726 | G62: 0.93
A63: =A62 -> ERIMON | B63: =IF(ISBLANK(A62),"",LEFT(B62,27)&VALUE(RIGHT(B62,1)+1)) -> JKS240702ERIMON_25C_sample_2 | C63: =C62 -> Erica monsoniana | D63: =D62 -> 25C | E63: =IF(ISBLANK(A62),"",E62+1) -> 2 | F63: =F62 -> 45477.726 | G63: 3.84
A64: =A63 -> ERIMON | B64: =IF(ISBLANK(A62),"",LEFT(B63,27)&VALUE(RIGHT(B63,1)+1)) -> JKS240702ERIMON_25C_sample_3 | C64: =C63 -> Erica monsoniana | D64: =D63 -> 25C | E64: =IF(ISBLANK(A62),"",E63+1) -> 3 | F64: =F63 -> 45477.726 | G64: 1.31
A65: =A64 -> ERIMON | B65: =IF(ISBLANK(A62),"",LEFT(B64,27)&VALUE(RIGHT(B64,1)+1)) -> JKS240702ERIMON_25C_sample_4 | C65: =C64 -> Erica monsoniana | D65: =D64 -> 25C | E65: =IF(ISBLANK(A62),"",E64+1) -> 4 | F65: =F64 -> 45477.726 | G65: 2.6
A66: =A65 -> ERIMON | B66: =IF(ISBLANK(A62),"",LEFT(B65,27)&VALUE(RIGHT(B65,1)+1)) -> JKS240702ERIMON_25C_sample_5 | C66: =C65 -> Erica monsoniana | D66: =D65 -> 25C | E66: =IF(ISBLANK(A62),"",E65+1) -> 5 | F66: =F65 -> 45477.726 | G66: 1.88
A67: =A66 -> ERIMON | B67: =IF(ISBLANK(A62),"",LEFT(B66,27)&VALUE(RIGHT(B66,1)+1)) -> JKS240702ERIMON_25C_sample_6 | C67: =C66 -> Erica monsoniana | D67: =D66 -> 25C | E67: =IF(ISBLANK(A62),"",E66+1) -> 6 | F67: =F66 -> 45477.726 | G67: 5.08
A68: PROREP (L) | B68: {=IF(ISBLANK(A68),"",IF(A68="PROREP (L)",VLOOKUP(LEFT($A68,6),'Data Feed (25C)'!$A$1:$G$10,2,FALSE),IF(A68="PROREP (S)", INDEX('Data Feed (25C)'!B:B, MATCH(LEFT($A68,6), 'Data Feed (25C)'!$A$1:$A$10, 0) + 1), VLOOKUP($A68,'Data Feed (25C)'!$A$1:$G$10,2,FALSE))))} -> JKL240702PROREP_25C_sample_1 | C68: {=IF(ISBLANK(A68),"",IF(A68="PROREP (L)",VLOOKUP(LEFT($A68,6),'Data Feed (25C)'!$A$1:$G$10,3,FALSE),IF(A68="PROREP (S)", INDEX('Data Feed (25C)'!C:C, MATCH(LEFT($A68,6), 'Data Feed (25C)'!$A$1:$A$10, 0) + 1, +1), VLOOKUP($A68,'Data Feed (25C)'!$A$1:$G$10,3,FALSE))))} -> Protea repens | D68: {=IF(ISBLANK(A68),"",IF(A68="PROREP (L)",VLOOKUP(LEFT($A68,6),'Data Feed (25C)'!$A$1:$G$10,4,FALSE),IF(A68="PROREP (S)", INDEX('Data Feed (25C)'!D:D, MATCH(LEFT($A68,6), 'Data Feed (25C)'!$A$1:$A$10, 0) + 1, +1), VLOOKUP($A68,'Data Feed (25C)'!$A$1:$G$10,4,FALSE))))} -> 25C | E68: {=IF(ISBLANK(A68),"",IF(A68="PROREP (L)",VLOOKUP(LEFT($A68,6),'Data Feed (25C)'!$A$1:$G$10,7,FALSE),IF(A68="PROREP (S)", INDEX('Data Feed (25C)'!G:G, MATCH(LEFT($A68,6), 'Data Feed (25C)'!$A$1:$A$10, 0) + 1, +1), VLOOKUP($A68,'Data Feed (25C)'!$A$1:$G$10,7,FALSE))))} -> 1 | F68: 45477.726 | G68: 0.42
A69: =A68 -> PROREP (L) | B69: =IF(ISBLANK(A68),"",LEFT(B68,27)&VALUE(RIGHT(B68,1)+1)) -> JKL240702PROREP_25C_sample_2 | C69: =C68 -> Protea repens | D69: =D68 -> 25C | E69: =IF(ISBLANK(A68),"",E68+1) -> 2 | F69: =F68 -> 45477.726 | G69: 0.58
A70: =A69 -> PROREP (L) | B70: =IF(ISBLANK(A68),"",LEFT(B69,27)&VALUE(RIGHT(B69,1)+1)) -> JKL240702PROREP_25C_sample_3 | C70: =C69 -> Protea repens | D70: =D69 -> 25C | E70: =IF(ISBLANK(A68),"",E69+1) -> 3 | F70: =F69 -> 45477.726 | G70: 0.71
A71: =A70 -> PROREP (L) | B71: =IF(ISBLANK(A68),"",LEFT(B70,27)&VALUE(RIGHT(B70,1)+1)) -> JKL240702PROREP_25C_sample_4 | C71: =C70 -> Protea repens | D71: =D70 -> 25C | E71: =IF(ISBLANK(A68),"",E70+1) -> 4 | F71: =F70 -> 45477.726 | G71: 0.49
A72: =A71 -> PROREP (L) | B72: =IF(ISBLANK(A68),"",LEFT(B71,27)&VALUE(RIGHT(B71,1)+1)) -> JKL240702PROREP_25C_sample_5 | C72: =C71 -> Protea repens | D72: =D71 -> 25C | E72: =IF(ISBLANK(A68),"",E71+1) -> 5 | F72: =F71 -> 45477.726 | G72: 0.47
A73: =A72 -> PROREP (L) | B73: =IF(ISBLANK(A68),"",LEFT(B72,27)&VALUE(RIGHT(B72,1)+1)) -> JKL240702PROREP_25C_sample_6 | C73: =C72 -> Protea repens | D73: =D72 -> 25C | E73: =IF(ISBLANK(A68),"",E72+1) -> 6 | F73: =F72 -> 45477.726 | G73: 0.54
A74: PROREP (S) | B74: {=IF(ISBLANK(A74),"",IF(A74="PROREP (L)",VLOOKUP(LEFT($A74,6),'Data Feed (25C)'!$A$1:$G$10,2,FALSE),IF(A74="PROREP (S)", INDEX('Data Feed (25C)'!B:B, MATCH(LEFT($A74,6), 'Data Feed (25C)'!$A$1:$A$10, 0) + 1), VLOOKUP($A74,'Data Feed (25C)'!$A$1:$G$10,2,FALSE))))} -> JKS240702PROREP_25C_sample_1 | C74: {=IF(ISBLANK(A74),"",IF(A74="PROREP (L)",VLOOKUP(LEFT($A74,6),'Data Feed (25C)'!$A$1:$G$10,3,FALSE),IF(A74="PROREP (S)", INDEX('Data Feed (25C)'!C:C, MATCH(LEFT($A74,6), 'Data Feed (25C)'!$A$1:$A$10, 0) + 1, +1), VLOOKUP($A74,'Data Feed (25C)'!$A$1:$G$10,3,FALSE))))} -> Protea repens | D74: {=IF(ISBLANK(A74),"",IF(A74="PROREP (L)",VLOOKUP(LEFT($A74,6),'Data Feed (25C)'!$A$1:$G$10,4,FALSE),IF(A74="PROREP (S)", INDEX('Data Feed (25C)'!D:D, MATCH(LEFT($A74,6), 'Data Feed (25C)'!$A$1:$A$10, 0) + 1, +1), VLOOKUP($A74,'Data Feed (25C)'!$A$1:$G$10,4,FALSE))))} -> 25C | E74: {=IF(ISBLANK(A74),"",IF(A74="PROREP (L)",VLOOKUP(LEFT($A74,6),'Data Feed (25C)'!$A$1:$G$10,7,FALSE),IF(A74="PROREP (S)", INDEX('Data Feed (25C)'!G:G, MATCH(LEFT($A74,6), 'Data Feed (25C)'!$A$1:$A$10, 0) + 1, +1), VLOOKUP($A74,'Data Feed (25C)'!$A$1:$G$10,7,FALSE))))} -> 1 | F74: 45477.728 | G74: 12.4
A75: =A74 -> PROREP (S) | B75: =IF(ISBLANK(A74),"",LEFT(B74,27)&VALUE(RIGHT(B74,1)+1)) -> JKS240702PROREP_25C_sample_2 | C75: =C74 -> Protea repens | D75: =D74 -> 25C | E75: =IF(ISBLANK(A74),"",E74+1) -> 2 | F75: =F74 -> 45477.728 | G75: 10.16
A76: =A75 -> PROREP (S) | B76: =IF(ISBLANK(A74),"",LEFT(B75,27)&VALUE(RIGHT(B75,1)+1)) -> JKS240702PROREP_25C_sample_3 | C76: =C75 -> Protea repens | D76: =D75 -> 25C | E76: =IF(ISBLANK(A74),"",E75+1) -> 3 | F76: =F75 -> 45477.728 | G76: 10.12
A77: =A76 -> PROREP (S) | B77: =IF(ISBLANK(A74),"",LEFT(B76,27)&VALUE(RIGHT(B76,1)+1)) -> JKS240702PROREP_25C_sample_4 | C77: =C76 -> Protea repens | D77: =D76 -> 25C | E77: =IF(ISBLANK(A74),"",E76+1) -> 4 | F77: =F76 -> 45477.728 | G77: 2.71
A78: =A77 -> PROREP (S) | B78: =IF(ISBLANK(A74),"",LEFT(B77,27)&VALUE(RIGHT(B77,1)+1)) -> JKS240702PROREP_25C_sample_5 | C78: =C77 -> Protea repens | D78: =D77 -> 25C | E78: =IF(ISBLANK(A74),"",E77+1) -> 5 | F78: =F77 -> 45477.728 | G78: 10.56
A79: =A78 -> PROREP (S) | B79: =IF(ISBLANK(A74),"",LEFT(B78,27)&VALUE(RIGHT(B78,1)+1)) -> JKS240702PROREP_25C_sample_6 | C79: =C78 -> Protea repens | D79: =D78 -> 25C | E79: =IF(ISBLANK(A74),"",E78+1) -> 6 | F79: =F78 -> 45477.728 | G79: 4.93
A80: ERIMON | B80: {=IF(ISBLANK(A80),"",IF(A80="PROREP (L)",VLOOKUP(LEFT($A80,6),'Data Feed (25C)'!$A$1:$G$10,2,FALSE),IF(A80="PROREP (S)", INDEX('Data Feed (25C)'!B:B, MATCH(LEFT($A80,6), 'Data Feed (25C)'!$A$1:$A$10, 0) + 1), VLOOKUP($A80,'Data Feed (25C)'!$A$1:$G$10,2,FALSE))))} -> JKS240702ERIMON_25C_sample_1 | C80: {=IF(ISBLANK(A80),"",IF(A80="PROREP (L)",VLOOKUP(LEFT($A80,6),'Data Feed (25C)'!$A$1:$G$10,3,FALSE),IF(A80="PROREP (S)", INDEX('Data Feed (25C)'!C:C, MATCH(LEFT($A80,6), 'Data Feed (25C)'!$A$1:$A$10, 0) + 1, +1), VLOOKUP($A80,'Data Feed (25C)'!$A$1:$G$10,3,FALSE))))} -> Erica monsoniana | D80: {=IF(ISBLANK(A80),"",IF(A80="PROREP (L)",VLOOKUP(LEFT($A80,6),'Data Feed (25C)'!$A$1:$G$10,4,FALSE),IF(A80="PROREP (S)", INDEX('Data Feed (25C)'!D:D, MATCH(LEFT($A80,6), 'Data Feed (25C)'!$A$1:$A$10, 0) + 1, +1), VLOOKUP($A80,'Data Feed (25C)'!$A$1:$G$10,4,FALSE))))} -> 25C | E80: {=IF(ISBLANK(A80),"",IF(A80="PROREP (L)",VLOOKUP(LEFT($A80,6),'Data Feed (25C)'!$A$1:$G$10,7,FALSE),IF(A80="PROREP (S)", INDEX('Data Feed (25C)'!G:G, MATCH(LEFT($A80,6), 'Data Feed (25C)'!$A$1:$A$10, 0) + 1, +1), VLOOKUP($A80,'Data Feed (25C)'!$A$1:$G$10,7,FALSE))))} -> 1 | F80: 45477.757 | G80: 0.88
A81: =A80 -> ERIMON | B81: =IF(ISBLANK(A80),"",LEFT(B80,27)&VALUE(RIGHT(B80,1)+1)) -> JKS240702ERIMON_25C_sample_2 | C81: =C80 -> Erica monsoniana | D81: =D80 -> 25C | E81: =IF(ISBLANK(A80),"",E80+1) -> 2 | F81: =F80 -> 45477.757 | G81: 3.75
A82: =A81 -> ERIMON | B82: =IF(ISBLANK(A80),"",LEFT(B81,27)&VALUE(RIGHT(B81,1)+1)) -> JKS240702ERIMON_25C_sample_3 | C82: =C81 -> Erica monsoniana | D82: =D81 -> 25C | E82: =IF(ISBLANK(A80),"",E81+1) -> 3 | F82: =F81 -> 45477.757 | G82: 1.29
A83: =A82 -> ERIMON | B83: =IF(ISBLANK(A80),"",LEFT(B82,27)&VALUE(RIGHT(B82,1)+1)) -> JKS240702ERIMON_25C_sample_4 | C83: =C82 -> Erica monsoniana | D83: =D82 -> 25C | E83: =IF(ISBLANK(A80),"",E82+1) -> 4 | F83: =F82 -> 45477.757 | G83: 2.55
A84: =A83 -> ERIMON | B84: =IF(ISBLANK(A80),"",LEFT(B83,27)&VALUE(RIGHT(B83,1)+1)) -> JKS240702ERIMON_25C_sample_5 | C84: =C83 -> Erica monsoniana | D84: =D83 -> 25C | E84: =IF(ISBLANK(A80),"",E83+1) -> 5 | F84: =F83 -> 45477.757 | G84: 1.82
A85: =A84 -> ERIMON | B85: =IF(ISBLANK(A80),"",LEFT(B84,27)&VALUE(RIGHT(B84,1)+1)) -> JKS240702ERIMON_25C_sample_6 | C85: =C84 -> Erica monsoniana | D85: =D84 -> 25C | E85: =IF(ISBLANK(A80),"",E84+1) -> 6 | F85: =F84 -> 45477.757 | G85: 4.99
A86: PROREP (L) | B86: {=IF(ISBLANK(A86),"",IF(A86="PROREP (L)",VLOOKUP(LEFT($A86,6),'Data Feed (25C)'!$A$1:$G$10,2,FALSE),IF(A86="PROREP (S)", INDEX('Data Feed (25C)'!B:B, MATCH(LEFT($A86,6), 'Data Feed (25C)'!$A$1:$A$10, 0) + 1), VLOOKUP($A86,'Data Feed (25C)'!$A$1:$G$10,2,FALSE))))} -> JKL240702PROREP_25C_sample_1 | C86: {=IF(ISBLANK(A86),"",IF(A86="PROREP (L)",VLOOKUP(LEFT($A86,6),'Data Feed (25C)'!$A$1:$G$10,3,FALSE),IF(A86="PROREP (S)", INDEX('Data Feed (25C)'!C:C, MATCH(LEFT($A86,6), 'Data Feed (25C)'!$A$1:$A$10, 0) + 1, +1), VLOOKUP($A86,'Data Feed (25C)'!$A$1:$G$10,3,FALSE))))} -> Protea repens | D86: {=IF(ISBLANK(A86),"",IF(A86="PROREP (L)",VLOOKUP(LEFT($A86,6),'Data Feed (25C)'!$A$1:$G$10,4,FALSE),IF(A86="PROREP (S)", INDEX('Data Feed (25C)'!D:D, MATCH(LEFT($A86,6), 'Data Feed (25C)'!$A$1:$A$10, 0) + 1, +1), VLOOKUP($A86,'Data Feed (25C)'!$A$1:$G$10,4,FALSE))))} -> 25C | E86: {=IF(ISBLANK(A86),"",IF(A86="PROREP (L)",VLOOKUP(LEFT($A86,6),'Data Feed (25C)'!$A$1:$G$10,7,FALSE),IF(A86="PROREP (S)", INDEX('Data Feed (25C)'!G:G, MATCH(LEFT($A86,6), 'Data Feed (25C)'!$A$1:$A$10, 0) + 1, +1), VLOOKUP($A86,'Data Feed (25C)'!$A$1:$G$10,7,FALSE))))} -> 1 | F86: 45477.758 | G86: 0.42
A87: =A86 -> PROREP (L) | B87: =IF(ISBLANK(A86),"",LEFT(B86,27)&VALUE(RIGHT(B86,1)+1)) -> JKL240702PROREP_25C_sample_2 | C87: =C86 -> Protea repens | D87: =D86 -> 25C | E87: =IF(ISBLANK(A86),"",E86+1) -> 2 | F87: =F86 -> 45477.758 | G87: 0.59
A88: =A87 -> PROREP (L) | B88: =IF(ISBLANK(A86),"",LEFT(B87,27)&VALUE(RIGHT(B87,1)+1)) -> JKL240702PROREP_25C_sample_3 | C88: =C87 -> Protea repens | D88: =D87 -> 25C | E88: =IF(ISBLANK(A86),"",E87+1) -> 3 | F88: =F87 -> 45477.758 | G88: 0.68
A89: =A88 -> PROREP (L) | B89: =IF(ISBLANK(A86),"",LEFT(B88,27)&VALUE(RIGHT(B88,1)+1)) -> JKL240702PROREP_25C_sample_4 | C89: =C88 -> Protea repens | D89: =D88 -> 25C | E89: =IF(ISBLANK(A86),"",E88+1) -> 4 | F89: =F88 -> 45477.758 | G89: 0.51
A90: =A89 -> PROREP (L) | B90: =IF(ISBLANK(A86),"",LEFT(B89,27)&VALUE(RIGHT(B89,1)+1)) -> JKL240702PROREP_25C_sample_5 | C90: =C89 -> Protea repens | D90: =D89 -> 25C | E90: =IF(ISBLANK(A86),"",E89+1) -> 5 | F90: =F89 -> 45477.758 | G90: 0.5
A91: =A90 -> PROREP (L) | B91: =IF(ISBLANK(A86),"",LEFT(B90,27)&VALUE(RIGHT(B90,1)+1)) -> JKL240702PROREP_25C_sample_6 | C91: =C90 -> Protea repens | D91: =D90 -> 25C | E91: =IF(ISBLANK(A86),"",E90+1) -> 6 | F91: =F90 -> 45477.758 | G91: 0.58
A92: PROREP (S) | B92: {=IF(ISBLANK(A92),"",IF(A92="PROREP (L)",VLOOKUP(LEFT($A92,6),'Data Feed (25C)'!$A$1:$G$10,2,FALSE),IF(A92="PROREP (S)", INDEX('Data Feed (25C)'!B:B, MATCH(LEFT($A92,6), 'Data Feed (25C)'!$A$1:$A$10, 0) + 1), VLOOKUP($A92,'Data Feed (25C)'!$A$1:$G$10,2,FALSE))))} -> JKS240702PROREP_25C_sample_1 | C92: {=IF(ISBLANK(A92),"",IF(A92="PROREP (L)",VLOOKUP(LEFT($A92,6),'Data Feed (25C)'!$A$1:$G$10,3,FALSE),IF(A92="PROREP (S)", INDEX('Data Feed (25C)'!C:C, MATCH(LEFT($A92,6), 'Data Feed (25C)'!$A$1:$A$10, 0) + 1, +1), VLOOKUP($A92,'Data Feed (25C)'!$A$1:$G$10,3,FALSE))))} -> Protea repens | D92: {=IF(ISBLANK(A92),"",IF(A92="PROREP (L)",VLOOKUP(LEFT($A92,6),'Data Feed (25C)'!$A$1:$G$10,4,FALSE),IF(A92="PROREP (S)", INDEX('Data Feed (25C)'!D:D, MATCH(LEFT($A92,6), 'Data Feed (25C)'!$A$1:$A$10, 0) + 1, +1), VLOOKUP($A92,'Data Feed (25C)'!$A$1:$G$10,4,FALSE))))} -> 25C | E92: {=IF(ISBLANK(A92),"",IF(A92="PROREP (L)",VLOOKUP(LEFT($A92,6),'Data Feed (25C)'!$A$1:$G$10,7,FALSE),IF(A92="PROREP (S)", INDEX('Data Feed (25C)'!G:G, MATCH(LEFT($A92,6), 'Data Feed (25C)'!$A$1:$A$10, 0) + 1, +1), VLOOKUP($A92,'Data Feed (25C)'!$A$1:$G$10,7,FALSE))))} -> 1 | F92: 45477.76 | G92: 12.33
A93: =A92 -> PROREP (S) | B93: =IF(ISBLANK(A92),"",LEFT(B92,27)&VALUE(RIGHT(B92,1)+1)) -> JKS240702PROREP_25C_sample_2 | C93: =C92 -> Protea repens | D93: =D92 -> 25C | E93: =IF(ISBLANK(A92),"",E92+1) -> 2 | F93: =F92 -> 45477.76 | G93: 10.12
A94: =A93 -> PROREP (S) | B94: =IF(ISBLANK(A92),"",LEFT(B93,27)&VALUE(RIGHT(B93,1)+1)) -> JKS240702PROREP_25C_sample_3 | C94: =C93 -> Protea repens | D94: =D93 -> 25C | E94: =IF(ISBLANK(A92),"",E93+1) -> 3 | F94: =F93 -> 45477.76 | G94: 10.03
A95: =A94 -> PROREP (S) | B95: =IF(ISBLANK(A92),"",LEFT(B94,27)&VALUE(RIGHT(B94,1)+1)) -> JKS240702PROREP_25C_sample_4 | C95: =C94 -> Protea repens | D95: =D94 -> 25C | E95: =IF(ISBLANK(A92),"",E94+1) -> 4 | F95: =F94 -> 45477.76 | G95: 2.68
A96: =A95 -> PROREP (S) | B96: =IF(ISBLANK(A92),"",LEFT(B95,27)&VALUE(RIGHT(B95,1)+1)) -> JKS240702PROREP_25C_sample_5 | C96: =C95 -> Protea repens | D96: =D95 -> 25C | E96: =IF(ISBLANK(A92),"",E95+1) -> 5 | F96: =F95 -> 45477.76 | G96: 10.53
A97: =A96 -> PROREP (S) | B97: =IF(ISBLANK(A92),"",LEFT(B96,27)&VALUE(RIGHT(B96,1)+1)) -> JKS240702PROREP_25C_sample_6 | C97: =C96 -> Protea repens | D97: =D96 -> 25C | E97: =IF(ISBLANK(A92),"",E96+1) -> 6 | F97: =F96 -> 45477.76 | G97: 4.89
A98: CANCON | B98: {=IF(ISBLANK(A98),"",IF(A98="PROREP (L)",VLOOKUP(LEFT($A98,6),'Data Feed (25C)'!$A$1:$G$10,2,FALSE),IF(A98="PROREP (S)", INDEX('Data Feed (25C)'!B:B, MATCH(LEFT($A98,6), 'Data Feed (25C)'!$A$1:$A$10, 0) + 1), VLOOKUP($A98,'Data Feed (25C)'!$A$1:$G$10,2,FALSE))))} -> JKS240702CANCON_25C_sample_1 | C98: {=IF(ISBLANK(A98),"",IF(A98="PROREP (L)",VLOOKUP(LEFT($A98,6),'Data Feed (25C)'!$A$1:$G$10,3,FALSE),IF(A98="PROREP (S)", INDEX('Data Feed (25C)'!C:C, MATCH(LEFT($A98,6), 'Data Feed (25C)'!$A$1:$A$10, 0) + 1, +1), VLOOKUP($A98,'Data Feed (25C)'!$A$1:$G$10,3,FALSE))))} -> Cannomois congesta | D98: {=IF(ISBLANK(A98),"",IF(A98="PROREP (L)",VLOOKUP(LEFT($A98,6),'Data Feed (25C)'!$A$1:$G$10,4,FALSE),IF(A98="PROREP (S)", INDEX('Data Feed (25C)'!D:D, MATCH(LEFT($A98,6), 'Data Feed (25C)'!$A$1:$A$10, 0) + 1, +1), VLOOKUP($A98,'Data Feed (25C)'!$A$1:$G$10,4,FALSE))))} -> 25C | E98: {=IF(ISBLANK(A98),"",IF(A98="PROREP (L)",VLOOKUP(LEFT($A98,6),'Data Feed (25C)'!$A$1:$G$10,7,FALSE),IF(A98="PROREP (S)", INDEX('Data Feed (25C)'!G:G, MATCH(LEFT($A98,6), 'Data Feed (25C)'!$A$1:$A$10, 0) + 1, +1), VLOOKUP($A98,'Data Feed (25C)'!$A$1:$G$10,7,FALSE))))} -> 1 | F98: 45477.76 | G98: 0.89
A99: =A98 -> CANCON | B99: =IF(ISBLANK(A98),"",LEFT(B98,27)&VALUE(RIGHT(B98,1)+1)) -> JKS240702CANCON_25C_sample_2 | C99: =C98 -> Cannomois congesta | D99: =D98 -> 25C | E99: =IF(ISBLANK(A98),"",E98+1) -> 2 | F99: =F98 -> 45477.76 | G99: 1.3
A100: =A99 -> CANCON | B100: =IF(ISBLANK(A98),"",LEFT(B99,27)&VALUE(RIGHT(B99,1)+1)) -> JKS240702CANCON_25C_sample_3 | C100: =C99 -> Cannomois congesta | D100: =D99 -> 25C | E100: =IF(ISBLANK(A98),"",E99+1) -> 3 | F100: =F99 -> 45477.76 | G100: 2.31
...

Sheet Data Feed (40C)
A1: GENSPP | B1: ID_Code | C1: Species | D1: Treat | E1: Site | F1: Sampling Date | G1: Sample No.
A2: =UPPER(LEFT(C2,3) & MID(C2,FIND(" ",C2)+1,3)) -> PROREP | B2: =CONCATENATE("JKL", "24", UPPER(TEXT(F2,"mm")), UPPER(TEXT(F2,"dd")), UPPER(LEFT(C2,3)), UPPER(MID(C2,FIND(" ",C2)+1,3)),"_",D2,"_sample_",G2) -> JKL240702PROREP_40C_sample_1 | C2: Protea repens | D2: 40C | E2: Jonaskop | F2: 45475 | G2: 1
A3: =UPPER(LEFT(C3,3) & MID(C3,FIND(" ",C3)+1,3)) -> PROREP | B3: =CONCATENATE("JKS", "24", UPPER(TEXT(F3,"mm")), UPPER(TEXT(F3,"dd")), UPPER(LEFT(C3,3)), UPPER(MID(C3,FIND(" ",C3)+1,3)),"_",D3,"_sample_",G3) -> JKS240702PROREP_40C_sample_1 | C3: Protea repens | D3: 40C | E3: Jonaskop | F3: 45475 | G3: 1
A4: =UPPER(LEFT(C4,3) & MID(C4,FIND(" ",C4)+1,3)) -> ERIMON | B4: =CONCATENATE("JKS", "24", UPPER(TEXT(F4,"mm")), UPPER(TEXT(F4,"dd")), UPPER(LEFT(C4,3)), UPPER(MID(C4,FIND(" ",C4)+1,3)),"_",D4,"_sample_",G4) -> JKS240702ERIMON_40C_sample_1 | C4: Erica monsoniana | D4: 40C | E4: Jonaskop | F4: 45475 | G4: 1
A5: =UPPER(LEFT(C5,3) & MID(C5,FIND(" ",C5)+1,3)) -> CANCON | B5: =CONCATENATE("JKS", "24", UPPER(TEXT(F5,"mm")), UPPER(TEXT(F5,"dd")), UPPER(LEFT(C5,3)), UPPER(MID(C5,FIND(" ",C5)+1,3)),"_",D5,"_sample_",G5) -> JKS240702CANCON_40C_sample_1 | C5: Cannomois congesta | D5: 40C | E5: Jonaskop | F5: 45475 | G5: 1

Sheet Data Feed (35C)
A1: GENSPP | B1: ID_Code | C1: Species | D1: Treat | E1: Site | F1: Sampling Date | G1: Sample No.
A2: =UPPER(LEFT(C2,3) & MID(C2,FIND(" ",C2)+1,3)) -> PROREP | B2: =CONCATENATE("JKL", "24", UPPER(TEXT(F2,"mm")), UPPER(TEXT(F2,"dd")), UPPER(LEFT(C2,3)), UPPER(MID(C2,FIND(" ",C2)+1,3)),"_",D2,"_sample_",G2) -> JKL240702PROREP_35C_sample_1 | C2: Protea repens | D2: 35C | E2: Jonaskop | F2: 45475 | G2: 1
A3: =UPPER(LEFT(C3,3) & MID(C3,FIND(" ",C3)+1,3)) -> PROREP | B3: =CONCATENATE("JKS", "24", UPPER(TEXT(F3,"mm")), UPPER(TEXT(F3,"dd")), UPPER(LEFT(C3,3)), UPPER(MID(C3,FIND(" ",C3)+1,3)),"_",D3,"_sample_",G3) -> JKS240702PROREP_35C_sample_1 | C3: Protea repens | D3: 35C | E3: Jonaskop | F3: 45475 | G3: 1
A4: =UPPER(LEFT(C4,3) & MID(C4,FIND(" ",C4)+1,3)) -> ERIMON | B4: =CONCATENATE("JKS", "24", UPPER(TEXT(F4,"mm")), UPPER(TEXT(F4,"dd")), UPPER(LEFT(C4,3)), UPPER(MID(C4,FIND(" ",C4)+1,3)),"_",D4,"_sample_",G4) -> JKS240702ERIMON_35C_sample_1 | C4: Erica monsoniana | D4: 35C | E4: Jonaskop | F4: 45475 | G4: 1
A5: =UPPER(LEFT(C5,3) & MID(C5,FIND(" ",C5)+1,3)) -> CANCON | B5: =CONCATENATE("JKS", "24", UPPER(TEXT(F5,"mm")), UPPER(TEXT(F5,"dd")), UPPER(LEFT(C5,3)), UPPER(MID(C5,FIND(" ",C5)+1,3)),"_",D5,"_sample_",G5) -> JKS240702CANCON_35C_sample_1 | C5: Cannomois congesta | D5: 35C | E5: Jonaskop | F5: 45475 | G5: 1

Sheet Data Feed (20C)
A1: GENSPP | B1: ID_Code | C1: Species | D1: Treat | E1: Site | F1: Sampling Date | G1: Sample No.
A2: =UPPER(LEFT(C2,3) & MID(C2,FIND(" ",C2)+1,3)) -> PROREP | B2: =CONCATENATE("JKL", "24", UPPER(TEXT(F2,"mm")), UPPER(TEXT(F2,"dd")), UPPER(LEFT(C2,3)), UPPER(MID(C2,FIND(" ",C2)+1,3)),"_",D2,"_sample_",G2) -> JKL240702PROREP_20C_sample_1 | C2: Protea repens | D2: 20C | E2: Jonaskop | F2: 45475 | G2: 1
A3: =UPPER(LEFT(C3,3) & MID(C3,FIND(" ",C3)+1,3)) -> PROREP | B3: =CONCATENATE("JKS", "24", UPPER(TEXT(F3,"mm")), UPPER(TEXT(F3,"dd")), UPPER(LEFT(C3,3)), UPPER(MID(C3,FIND(" ",C3)+1,3)),"_",D3,"_sample_",G3) -> JKS240702PROREP_20C_sample_1 | C3: Protea repens | D3: 20C | E3: Jonaskop | F3: 45475 | G3: 1
A4: =UPPER(LEFT(C4,3) & MID(C4,FIND(" ",C4)+1,3)) -> ERIMON | B4: =CONCATENATE("JKS", "24", UPPER(TEXT(F4,"mm")), UPPER(TEXT(F4,"dd")), UPPER(LEFT(C4,3)), UPPER(MID(C4,FIND(" ",C4)+1,3)),"_",D4,"_sample_",G4) -> JKS240702ERIMON_20C_sample_1 | C4: Erica monsoniana | D4: 20C | E4: Jonaskop | F4: 45475 | G4: 1
A5: =UPPER(LEFT(C5,3) & MID(C5,FIND(" ",C5)+1,3)) -> CANCON | B5: =CONCATENATE("JKS", "24", UPPER(TEXT(F5,"mm")), UPPER(TEXT(F5,"dd")), UPPER(LEFT(C5,3)), UPPER(MID(C5,FIND(" ",C5)+1,3)),"_",D5,"_sample_",G5) -> JKS240702CANCON_20C_sample_1 | C5: Cannomois congesta | D5: 20C | E5: Jonaskop | F5: 45475 | G5: 1

Sheet Data Feed (25C)
A1: GENSPP | B1: ID_Code | C1: Species | D1: Treat | E1: Site | F1: Sampling Date | G1: Sample No.
A2: =UPPER(LEFT(C2,3) & MID(C2,FIND(" ",C2)+1,3)) -> PROREP | B2: =CONCATENATE("JKL", "24", UPPER(TEXT(F2,"mm")), UPPER(TEXT(F2,"dd")), UPPER(LEFT(C2,3)), UPPER(MID(C2,FIND(" ",C2)+1,3)),"_",D2,"_sample_",G2) -> JKL240702PROREP_25C_sample_1 | C2: Protea repens | D2: 25C | E2: Jonaskop | F2: 45475 | G2: 1
A3: =UPPER(LEFT(C3,3) & MID(C3,FIND(" ",C3)+1,3)) -> PROREP | B3: =CONCATENATE("JKS", "24", UPPER(TEXT(F3,"mm")), UPPER(TEXT(F3,"dd")), UPPER(LEFT(C3,3)), UPPER(MID(C3,FIND(" ",C3)+1,3)),"_",D3,"_sample_",G3) -> JKS240702PROREP_25C_sample_1 | C3: Protea repens | D3: 25C | E3: Jonaskop | F3: 45475 | G3: 1
A4: =UPPER(LEFT(C4,3) & MID(C4,FIND(" ",C4)+1,3)) -> ERIMON | B4: =CONCATENATE("JKS", "24", UPPER(TEXT(F4,"mm")), UPPER(TEXT(F4,"dd")), UPPER(LEFT(C4,3)), UPPER(MID(C4,FIND(" ",C4)+1,3)),"_",D4,"_sample_",G4) -> JKS240702ERIMON_25C_sample_1 | C4: Erica monsoniana | D4: 25C | E4: Jonaskop | F4: 45475 | G4: 1
A5: =UPPER(LEFT(C5,3) & MID(C5,FIND(" ",C5)+1,3)) -> CANCON | B5: =CONCATENATE("JKS", "24", UPPER(TEXT(F5,"mm")), UPPER(TEXT(F5,"dd")), UPPER(LEFT(C5,3)), UPPER(MID(C5,FIND(" ",C5)+1,3)),"_",D5,"_sample_",G5) -> JKS240702CANCON_25C_sample_1 | C5: Cannomois congesta | D5: 25C | E5: Jonaskop | F5: 45475 | G5: 1
