Workbook

Sheet 20C
A1: GENSPP | B1: ID_Code | C1: Species | D1: Treat | E1: Sample_no | F1: Date_Time | G1: Weight
A2: PASOBT | B2: =IF(ISBLANK(A2),"",VLOOKUP($A2,'Data Feed (20C)'!$A$1:$G$14,2,FALSE)) -> DKR250911PASOBT_20C_sample_1 | C2: =IF(ISBLANK(A2),"",VLOOKUP($A2,'Data Feed (20C)'!$A$1:$G$14,3,FALSE)) -> Passerina obtusifolia | D2: =IF(ISBLANK(A2),"",VLOOKUP($A2,'Data Feed (20C)'!$A$1:$G$14,4,FALSE)) -> 20C | E2: =IF(ISBLANK(A2),"",VLOOKUP($A2,'Data Feed (20C)'!$A$1:$G$14,7,FALSE)) -> 1 | F2: 45912.424 | G2: 3.416
A3: =A2 -> PASOBT | B3: =IF(ISBLANK(A2),"",LEFT(B2,27)&VALUE(RIGHT(B2,1)+1)) -> DKR250911PASOBT_20C_sample_2 | C3: =C2 -> Passerina obtusifolia | D3: =D2 -> 20C | E3: =IF(ISBLANK(A2),"",E2+1) -> 2 | F3: =F2 -> 45912.424 | G3: 4.734
A4: =A3 -> PASOBT | B4: =IF(ISBLANK(A2),"",LEFT(B3,27)&VALUE(RIGHT(B3,1)+1)) -> DKR250911PASOBT_20C_sample_3 | C4: =C3 -> Passerina obtusifolia | D4: =D3 -> 20C | E4: =IF(ISBLANK(A2),"",E3+1) -> 3 | F4: =F3 -> 45912.424 | G4: 1.663
A5: =A4 -> PASOBT | B5: =IF(ISBLANK(A2),"",LEFT(B4,27)&VALUE(RIGHT(B4,1)+1)) -> DKR250911PASOBT_20C_sample_4 | C5: =C4 -> Passerina obtusifolia | D5: =D4 -> 20C | E5: =IF(ISBLANK(A2),"",E4+1) -> 4 | F5: =F4 -> 45912.424 | G5: 2.569
A6: =A5 -> PASOBT | B6: =IF(ISBLANK(A2),"",LEFT(B5,27)&VALUE(RIGHT(B5,1)+1)) -> DKR250911PASOBT_20C_sample_5 | C6: =C5 -> Passerina obtusifolia | D6: =D5 -> 20C | E6: =IF(ISBLANK(A2),"",E5+1) -> 5 | F6: =F5 -> 45912.424 | G6: 1.956
A7: =A6 -> PASOBT | B7: =IF(ISBLANK(A2),"",LEFT(B6,27)&VALUE(RIGHT(B6,1)+1)) -> DKR250911PASOBT_20C_sample_6 | C7: =C6 -> Passerina obtusifolia | D7: =D6 -> 20C | E7: =IF(ISBLANK(A2),"",E6+1) -> 6 | F7: =F6 -> 45912.424 | G7: 3.581
A8: PROLOR | B8: =IF(ISBLANK(A8),"",VLOOKUP($A8,'Data Feed (20C)'!$A$1:$G$14,2,FALSE)) -> DKF250911PROLOR_20C_sample_1 | C8: =IF(ISBLANK(A8),"",VLOOKUP($A8,'Data Feed (20C)'!$A$1:$G$14,3,FALSE)) -> Protea lorifolia | D8: =IF(ISBLANK(A8),"",VLOOKUP($A8,'Data Feed (20C)'!$A$1:$G$14,4,FALSE)) -> 20C | E8: =IF(ISBLANK(A8),"",VLOOKUP($A8,'Data Feed (20C)'!$A$1:$G$14,7,FALSE)) -> 1 | F8: 45912.426 | G8: 3.35
A9: =A8 -> PROLOR | B9: =IF(ISBLANK(A8),"",LEFT(B8,27)&VALUE(RIGHT(B8,1)+1)) -> DKF250911PROLOR_20C_sample_2 | C9: =C8 -> Protea lorifolia | D9: =D8 -> 20C | E9: =IF(ISBLANK(A8),"",E8+1) -> 2 | F9: =F8 -> 45912.426 | G9: 3.796
A10: =A9 -> PROLOR | B10: =IF(ISBLANK(A8),"",LEFT(B9,27)&VALUE(RIGHT(B9,1)+1)) -> DKF250911PROLOR_20C_sample_3 | C10: =C9 -> Protea lorifolia | D10: =D9 -> 20C | E10: =IF(ISBLANK(A8),"",E9+1) -> 3 | F10: =F9 -> 45912.426 | G10: 3.973
A11: =A10 -> PROLOR | B11: =IF(ISBLANK(A8),"",LEFT(B10,27)&VALUE(RIGHT(B10,1)+1)) -> DKF250911PROLOR_20C_sample_4 | C11: =C10 -> Protea lorifolia | D11: =D10 -> 20C | E11: =IF(ISBLANK(A8),"",E10+1) -> 4 | F11: =F10 -> 45912.426 | G11: 3.16
A12: =A11 -> PROLOR | B12: =IF(ISBLANK(A8),"",LEFT(B11,27)&VALUE(RIGHT(B11,1)+1)) -> DKF250911PROLOR_20C_sample_5 | C12: =C11 -> Protea lorifolia | D12: =D11 -> 20C | E12: =IF(ISBLANK(A8),"",E11+1) -> 5 | F12: =F11 -> 45912.426 | G12: 5.853
A13: =A12 -> PROLOR | B13: =IF(ISBLANK(A8),"",LEFT(B12,27)&VALUE(RIGHT(B12,1)+1)) -> DKF250911PROLOR_20C_sample_6 | C13: =C12 -> Protea lorifolia | D13: =D12 -> 20C | E13: =IF(ISBLANK(A8),"",E12+1) -> 6 | F13: =F12 -> 45912.426 | G13: 4.8
A14: PROLAU | B14: =IF(ISBLANK(A14),"",VLOOKUP($A14,'Data Feed (20C)'!$A$1:$G$14,2,FALSE)) -> DKR250911PROLAU_20C_sample_1 | C14: =IF(ISBLANK(A14),"",VLOOKUP($A14,'Data Feed (20C)'!$A$1:$G$14,3,FALSE)) -> Protea laurifolia | D14: =IF(ISBLANK(A14),"",VLOOKUP($A14,'Data Feed (20C)'!$A$1:$G$14,4,FALSE)) -> 20C | E14: =IF(ISBLANK(A14),"",VLOOKUP($A14,'Data Feed (20C)'!$A$1:$G$14,7,FALSE)) -> 1 | F14: 45912.433 | G14: 1.077
A15: =A14 -> PROLAU | B15: =IF(ISBLANK(A14),"",LEFT(B14,27)&VALUE(RIGHT(B14,1)+1)) -> DKR250911PROLAU_20C_sample_2 | C15: =C14 -> Protea laurifolia | D15: =D14 -> 20C | E15: =IF(ISBLANK(A14),"",E14+1) -> 2 | F15: =F14 -> 45912.433 | G15: 1.315
A16: =A15 -> PROLAU | B16: =IF(ISBLANK(A14),"",LEFT(B15,27)&VALUE(RIGHT(B15,1)+1)) -> DKR250911PROLAU_20C_sample_3 | C16: =C15 -> Protea laurifolia | D16: =D15 -> 20C | E16: =IF(ISBLANK(A14),"",E15+1) -> 3 | F16: =F15 -> 45912.433 | G16: 1.185
A17: =A16 -> PROLAU | B17: =IF(ISBLANK(A14),"",LEFT(B16,27)&VALUE(RIGHT(B16,1)+1)) -> DKR250911PROLAU_20C_sample_4 | C17: =C16 -> Protea laurifolia | D17: =D16 -> 20C | E17: =IF(ISBLANK(A14),"",E16+1) -> 4 | F17: =F16 -> 45912.433 | G17: 0.591
A18: =A17 -> PROLAU | B18: =IF(ISBLANK(A14),"",LEFT(B17,27)&VALUE(RIGHT(B17,1)+1)) -> DKR250911PROLAU_20C_sample_5 | C18: =C17 -> Protea laurifolia | D18: =D17 -> 20C | E18: =IF(ISBLANK(A14),"",E17+1) -> 5 | F18: =F17 -> 45912.433 | G18: 1.035
A19: =A18 -> PROLAU | B19: =IF(ISBLANK(A14),"",LEFT(B18,27)&VALUE(RIGHT(B18,1)+1)) -> DKR250911PROLAU_20C_sample_6 | C19: =C18 -> Protea laurifolia | D19: =D18 -> 20C | E19: =IF(ISBLANK(A14),"",E18+1) -> 6 | F19: =F18 -> 45912.433 | G19: 1.048
A20: LOBDEC | B20: =IF(ISBLANK(A20),"",VLOOKUP($A20,'Data Feed (20C)'!$A$1:$G$14,2,FALSE)) -> DKF250911LOBDEC_20C_sample_1 | C20: =IF(ISBLANK(A20),"",VLOOKUP($A20,'Data Feed (20C)'!$A$1:$G$14,3,FALSE)) -> Lobostemon decorus | D20: =IF(ISBLANK(A20),"",VLOOKUP($A20,'Data Feed (20C)'!$A$1:$G$14,4,FALSE)) -> 20C | E20: =IF(ISBLANK(A20),"",VLOOKUP($A20,'Data Feed (20C)'!$A$1:$G$14,7,FALSE)) -> 1 | F20: 45912.435 | G20: 13.153
A21: =A20 -> LOBDEC | B21: =IF(ISBLANK(A20),"",LEFT(B20,27)&VALUE(RIGHT(B20,1)+1)) -> DKF250911LOBDEC_20C_sample_2 | C21: =C20 -> Lobostemon decorus | D21: =D20 -> 20C | E21: =IF(ISBLANK(A20),"",E20+1) -> 2 | F21: =F20 -> 45912.435 | G21: 10.143
A22: =A21 -> LOBDEC | B22: =IF(ISBLANK(A20),"",LEFT(B21,27)&VALUE(RIGHT(B21,1)+1)) -> DKF250911LOBDEC_20C_sample_3 | C22: =C21 -> Lobostemon decorus | D22: =D21 -> 20C | E22: =IF(ISBLANK(A20),"",E21+1) -> 3 | F22: =F21 -> 45912.435 | G22: 12.837
A23: =A22 -> LOBDEC | B23: =IF(ISBLANK(A20),"",LEFT(B22,27)&VALUE(RIGHT(B22,1)+1)) -> DKF250911LOBDEC_20C_sample_4 | C23: =C22 -> Lobostemon decorus | D23: =D22 -> 20C | E23: =IF(ISBLANK(A20),"",E22+1) -> 4 | F23: =F22 -> 45912.435 | G23: 9.209
A24: =A23 -> LOBDEC | B24: =IF(ISBLANK(A20),"",LEFT(B23,27)&VALUE(RIGHT(B23,1)+1)) -> DKF250911LOBDEC_20C_sample_5 | C24: =C23 -> Lobostemon decorus | D24: =D23 -> 20C | E24: =IF(ISBLANK(A20),"",E23+1) -> 5 | F24: =F23 -> 45912.435 | G24: 6.164
A25: =A24 -> LOBDEC | B25: =IF(ISBLANK(A20),"",LEFT(B24,27)&VALUE(RIGHT(B24,1)+1)) -> DKF250911LOBDEC_20C_sample_6 | C25: =C24 -> Lobostemon decorus | D25: =D24 -> 20C | E25: =IF(ISBLANK(A20),"",E24+1) -> 6 | F25: =F24 -> 45912.435 | G25: 6.343
A26: SELDOL | B26: =IF(ISBLANK(A26),"",VLOOKUP($A26,'Data Feed (20C)'!$A$1:$G$14,2,FALSE)) -> DKF250911SELDOL_20C_sample_1 | C26: =IF(ISBLANK(A26),"",VLOOKUP($A26,'Data Feed (20C)'!$A$1:$G$14,3,FALSE)) -> Selago dolosa | D26: =IF(ISBLANK(A26),"",VLOOKUP($A26,'Data Feed (20C)'!$A$1:$G$14,4,FALSE)) -> 20C | E26: =IF(ISBLANK(A26),"",VLOOKUP($A26,'Data Feed (20C)'!$A$1:$G$14,7,FALSE)) -> 1 | F26: 45912.438 | G26: 1.75
A27: =A26 -> SELDOL | B27: =IF(ISBLANK(A26),"",LEFT(B26,27)&VALUE(RIGHT(B26,1)+1)) -> DKF250911SELDOL_20C_sample_2 | C27: =C26 -> Selago dolosa | D27: =D26 -> 20C | E27: =IF(ISBLANK(A26),"",E26+1) -> 2 | F27: =F26 -> 45912.438 | G27: 2.323
A28: =A27 -> SELDOL | B28: =IF(ISBLANK(A26),"",LEFT(B27,27)&VALUE(RIGHT(B27,1)+1)) -> DKF250911SELDOL_20C_sample_3 | C28: =C27 -> Selago dolosa | D28: =D27 -> 20C | E28: =IF(ISBLANK(A26),"",E27+1) -> 3 | F28: =F27 -> 45912.438 | G28: 2.27
A29: =A28 -> SELDOL | B29: =IF(ISBLANK(A26),"",LEFT(B28,27)&VALUE(RIGHT(B28,1)+1)) -> DKF250911SELDOL_20C_sample_4 | C29: =C28 -> Selago dolosa | D29: =D28 -> 20C | E29: =IF(ISBLANK(A26),"",E28+1) -> 4 | F29: =F28 -> 45912.438 | G29: 2.39
A30: =A29 -> SELDOL | B30: =IF(ISBLANK(A26),"",LEFT(B29,27)&VALUE(RIGHT(B29,1)+1)) -> DKF250911SELDOL_20C_sample_5 | C30: =C29 -> Selago dolosa | D30: =D29 -> 20C | E30: =IF(ISBLANK(A26),"",E29+1) -> 5 | F30: =F29 -> 45912.438 | G30: 3.188
A31: =A30 -> SELDOL | B31: =IF(ISBLANK(A26),"",LEFT(B30,27)&VALUE(RIGHT(B30,1)+1)) -> DKF250911SELDOL_20C_sample_6 | C31: =C30 -> Selago dolosa | D31: =D30 -> 20C | E31: =IF(ISBLANK(A26),"",E30+1) -> 6 | F31: =F30 -> 45912.438 | G31: 1.451
A32: AGACAP | B32: =IF(ISBLANK(A32),"",VLOOKUP($A32,'Data Feed (20C)'!$A$1:$G$14,2,FALSE)) -> DKF250911AGACAP_20C_sample_1 | C32: =IF(ISBLANK(A32),"",VLOOKUP($A32,'Data Feed (20C)'!$A$1:$G$14,3,FALSE)) -> Agathosma capensis | D32: =IF(ISBLANK(A32),"",VLOOKUP($A32,'Data Feed (20C)'!$A$1:$G$14,4,FALSE)) -> 20C | E32: =IF(ISBLANK(A32),"",VLOOKUP($A32,'Data Feed (20C)'!$A$1:$G$14,7,FALSE)) -> 1 | F32: 45912.447 | G32: 5.789
A33: =A32 -> AGACAP | B33: =IF(ISBLANK(A32),"",LEFT(B32,27)&VALUE(RIGHT(B32,1)+1)) -> DKF250911AGACAP_20C_sample_2 | C33: =C32 -> Agathosma capensis | D33: =D32 -> 20C | E33: =IF(ISBLANK(A32),"",E32+1) -> 2 | F33: =F32 -> 45912.447 | G33: 2.065
A34: =A33 -> AGACAP | B34: =IF(ISBLANK(A32),"",LEFT(B33,27)&VALUE(RIGHT(B33,1)+1)) -> DKF250911AGACAP_20C_sample_3 | C34: =C33 -> Agathosma capensis | D34: =D33 -> 20C | E34: =IF(ISBLANK(A32),"",E33+1) -> 3 | F34: =F33 -> 45912.447 | G34: 3.022
A35: =A34 -> AGACAP | B35: =IF(ISBLANK(A32),"",LEFT(B34,27)&VALUE(RIGHT(B34,1)+1)) -> DKF250911AGACAP_20C_sample_4 | C35: =C34 -> Agathosma capensis | D35: =D34 -> 20C | E35: =IF(ISBLANK(A32),"",E34+1) -> 4 | F35: =F34 -> 45912.447 | G35: 1.965
A36: =A35 -> AGACAP | B36: =IF(ISBLANK(A32),"",LEFT(B35,27)&VALUE(RIGHT(B35,1)+1)) -> DKF250911AGACAP_20C_sample_5 | C36: =C35 -> Agathosma capensis | D36: =D35 -> 20C | E36: =IF(ISBLANK(A32),"",E35+1) -> 5 | F36: =F35 -> 45912.447 | G36: 0.829
A37: =A36 -> AGACAP | B37: =IF(ISBLANK(A32),"",LEFT(B36,27)&VALUE(RIGHT(B36,1)+1)) -> DKF250911AGACAP_20C_sample_6 | C37: =C36 -> Agathosma capensis | D37: =D36 -> 20C | E37: =IF(ISBLANK(A32),"",E36+1) -> 6 | F37: =F36 -> 45912.447 | G37: 2.157
A38: RUSMUL | B38: =IF(ISBLANK(A38),"",VLOOKUP($A38,'Data Feed (20C)'!$A$1:$G$14,2,FALSE)) -> DKR250911RUSMUL_20C_sample_1 | C38: =IF(ISBLANK(A38),"",VLOOKUP($A38,'Data Feed (20C)'!$A$1:$G$14,3,FALSE)) -> Ruschia multiflora | D38: =IF(ISBLANK(A38),"",VLOOKUP($A38,'Data Feed (20C)'!$A$1:$G$14,4,FALSE)) -> 20C | E38: =IF(ISBLANK(A38),"",VLOOKUP($A38,'Data Feed (20C)'!$A$1:$G$14,7,FALSE)) -> 1 | F38: 45912.453 | G38: 3.48
A39: =A38 -> RUSMUL | B39: =IF(ISBLANK(A38),"",LEFT(B38,27)&VALUE(RIGHT(B38,1)+1)) -> DKR250911RUSMUL_20C_sample_2 | C39: =C38 -> Ruschia multiflora | D39: =D38 -> 20C | E39: =IF(ISBLANK(A38),"",E38+1) -> 2 | F39: =F38 -> 45912.453 | G39: 4.591
A40: =A39 -> RUSMUL | B40: =IF(ISBLANK(A38),"",LEFT(B39,27)&VALUE(RIGHT(B39,1)+1)) -> DKR250911RUSMUL_20C_sample_3 | C40: =C39 -> Ruschia multiflora | D40: =D39 -> 20C | E40: =IF(ISBLANK(A38),"",E39+1) -> 3 | F40: =F39 -> 45912.453 | G40: 8.479
A41: =A40 -> RUSMUL | B41: =IF(ISBLANK(A38),"",LEFT(B40,27)&VALUE(RIGHT(B40,1)+1)) -> DKR250911RUSMUL_20C_sample_4 | C41: =C40 -> Ruschia multiflora | D41: =D40 -> 20C | E41: =IF(ISBLANK(A38),"",E40+1) -> 4 | F41: =F40 -> 45912.453 | G41: 4.741
A42: =A41 -> RUSMUL | B42: =IF(ISBLANK(A38),"",LEFT(B41,27)&VALUE(RIGHT(B41,1)+1)) -> DKR250911RUSMUL_20C_sample_5 | C42: =C41 -> Ruschia multiflora | D42: =D41 -> 20C | E42: =IF(ISBLANK(A38),"",E41+1) -> 5 | F42: =F41 -> 45912.453 | G42: 3.853
A43: =A42 -> RUSMUL | B43: =IF(ISBLANK(A38),"",LEFT(B42,27)&VALUE(RIGHT(B42,1)+1)) -> DKR250911RUSMUL_20C_sample_6 | C43: =C42 -> Ruschia multiflora | D43: =D42 -> 20C | E43: =IF(ISBLANK(A38),"",E42+1) -> 6 | F43: =F42 -> 45912.453 | G43: 3.247
A44: ASPSHA | B44: =IF(ISBLANK(A44),"",VLOOKUP($A44,'Data Feed (20C)'!$A$1:$G$14,2,FALSE)) -> DKF250911ASPSHA_20C_sample_1 | C44: =IF(ISBLANK(A44),"",VLOOKUP($A44,'Data Feed (20C)'!$A$1:$G$14,3,FALSE)) -> Aspalathus shawii | D44: =IF(ISBLANK(A44),"",VLOOKUP($A44,'Data Feed (20C)'!$A$1:$G$14,4,FALSE)) -> 20C | E44: =IF(ISBLANK(A44),"",VLOOKUP($A44,'Data Feed (20C)'!$A$1:$G$14,7,FALSE)) -> 1 | F44: 45912.465 | G44: 17.053
A45: =A44 -> ASPSHA | B45: =IF(ISBLANK(A44),"",LEFT(B44,27)&VALUE(RIGHT(B44,1)+1)) -> DKF250911ASPSHA_20C_sample_2 | C45: =C44 -> Aspalathus shawii | D45: =D44 -> 20C | E45: =IF(ISBLANK(A44),"",E44+1) -> 2 | F45: =F44 -> 45912.465 | G45: 11.232
A46: =A45 -> ASPSHA | B46: =IF(ISBLANK(A44),"",LEFT(B45,27)&VALUE(RIGHT(B45,1)+1)) -> DKF250911ASPSHA_20C_sample_3 | C46: =C45 -> Aspalathus shawii | D46: =D45 -> 20C | E46: =IF(ISBLANK(A44),"",E45+1) -> 3 | F46: =F45 -> 45912.465 | G46: 6.318
A47: =A46 -> ASPSHA | B47: =IF(ISBLANK(A44),"",LEFT(B46,27)&VALUE(RIGHT(B46,1)+1)) -> DKF250911ASPSHA_20C_sample_4 | C47: =C46 -> Aspalathus shawii | D47: =D46 -> 20C | E47: =IF(ISBLANK(A44),"",E46+1) -> 4 | F47: =F46 -> 45912.465 | G47: 15.352
A48: =A47 -> ASPSHA | B48: =IF(ISBLANK(A44),"",LEFT(B47,27)&VALUE(RIGHT(B47,1)+1)) -> DKF250911ASPSHA_20C_sample_5 | C48: =C47 -> Aspalathus shawii | D48: =D47 -> 20C | E48: =IF(ISBLANK(A44),"",E47+1) -> 5 | F48: =F47 -> 45912.465 | G48: 4.843
A49: =A48 -> ASPSHA | B49: =IF(ISBLANK(A44),"",LEFT(B48,27)&VALUE(RIGHT(B48,1)+1)) -> DKF250911ASPSHA_20C_sample_6 | C49: =C48 -> Aspalathus shawii | D49: =D48 -> 20C | E49: =IF(ISBLANK(A44),"",E48+1) -> 6 | F49: =F48 -> 45912.465 | G49: 13.015
A50: ELYRHI | B50: =IF(ISBLANK(A50),"",VLOOKUP($A50,'Data Feed (20C)'!$A$1:$G$14,2,FALSE)) -> DKR250911ELYRHI_20C_sample_1 | C50: =IF(ISBLANK(A50),"",VLOOKUP($A50,'Data Feed (20C)'!$A$1:$G$14,3,FALSE)) -> Elytropappus rhinocerotis | D50: =IF(ISBLANK(A50),"",VLOOKUP($A50,'Data Feed (20C)'!$A$1:$G$14,4,FALSE)) -> 20C | E50: =IF(ISBLANK(A50),"",VLOOKUP($A50,'Data Feed (20C)'!$A$1:$G$14,7,FALSE)) -> 1 | F50: 45912.467 | G50: 4.301
A51: =A50 -> ELYRHI | B51: =IF(ISBLANK(A50),"",LEFT(B50,27)&VALUE(RIGHT(B50,1)+1)) -> DKR250911ELYRHI_20C_sample_2 | C51: =C50 -> Elytropappus rhinocerotis | D51: =D50 -> 20C | E51: =IF(ISBLANK(A50),"",E50+1) -> 2 | F51: =F50 -> 45912.467 | G51: 4.885
A52: =A51 -> ELYRHI | B52: =IF(ISBLANK(A50),"",LEFT(B51,27)&VALUE(RIGHT(B51,1)+1)) -> DKR250911ELYRHI_20C_sample_3 | C52: =C51 -> Elytropappus rhinocerotis | D52: =D51 -> 20C | E52: =IF(ISBLANK(A50),"",E51+1) -> 3 | F52: =F51 -> 45912.467 | G52: 7.528
A53: =A52 -> ELYRHI | B53: =IF(ISBLANK(A50),"",LEFT(B52,27)&VALUE(RIGHT(B52,1)+1)) -> DKR250911ELYRHI_20C_sample_4 | C53: =C52 -> Elytropappus rhinocerotis | D53: =D52 -> 20C | E53: =IF(ISBLANK(A50),"",E52+1) -> 4 | F53: =F52 -> 45912.467 | G53: 4.783
A54: =A53 -> ELYRHI | B54: =IF(ISBLANK(A50),"",LEFT(B53,27)&VALUE(RIGHT(B53,1)+1)) -> DKR250911ELYRHI_20C_sample_5 | C54: =C53 -> Elytropappus rhinocerotis | D54: =D53 -> 20C | E54: =IF(ISBLANK(A50),"",E53+1) -> 5 | F54: =F53 -> 45912.467 | G54: 3.015
A55: =A54 -> ELYRHI | B55: =IF(ISBLANK(A50),"",LEFT(B54,27)&VALUE(RIGHT(B54,1)+1)) -> DKR250911ELYRHI_20C_sample_6 | C55: =C54 -> Elytropappus rhinocerotis | D55: =D54 -> 20C | E55: =IF(ISBLANK(A50),"",E54+1) -> 6 | F55: =F54 -> 45912.467 | G55: 2.537
A56: MICPOL | B56: =IF(ISBLANK(A56),"",VLOOKUP($A56,'Data Feed (20C)'!$A$1:$G$14,2,FALSE)) -> DKR250911MICPOL_20C_sample_1 | C56: =IF(ISBLANK(A56),"",VLOOKUP($A56,'Data Feed (20C)'!$A$1:$G$14,3,FALSE)) -> Microdon polygaloides | D56: =IF(ISBLANK(A56),"",VLOOKUP($A56,'Data Feed (20C)'!$A$1:$G$14,4,FALSE)) -> 20C | E56: =IF(ISBLANK(A56),"",VLOOKUP($A56,'Data Feed (20C)'!$A$1:$G$14,7,FALSE)) -> 1 | F56: 45912.478 | G56: 2.064
A57: =A56 -> MICPOL | B57: =IF(ISBLANK(A56),"",LEFT(B56,27)&VALUE(RIGHT(B56,1)+1)) -> DKR250911MICPOL_20C_sample_2 | C57: =C56 -> Microdon polygaloides | D57: =D56 -> 20C | E57: =IF(ISBLANK(A56),"",E56+1) -> 2 | F57: =F56 -> 45912.478 | G57: 1.409
A58: =A57 -> MICPOL | B58: =IF(ISBLANK(A56),"",LEFT(B57,27)&VALUE(RIGHT(B57,1)+1)) -> DKR250911MICPOL_20C_sample_3 | C58: =C57 -> Microdon polygaloides | D58: =D57 -> 20C | E58: =IF(ISBLANK(A56),"",E57+1) -> 3 | F58: =F57 -> 45912.478 | G58: 0.585
A59: =A58 -> MICPOL | B59: =IF(ISBLANK(A56),"",LEFT(B58,27)&VALUE(RIGHT(B58,1)+1)) -> DKR250911MICPOL_20C_sample_4 | C59: =C58 -> Microdon polygaloides | D59: =D58 -> 20C | E59: =IF(ISBLANK(A56),"",E58+1) -> 4 | F59: =F58 -> 45912.478 | G59: 0.269
A60: =A59 -> MICPOL | B60: =IF(ISBLANK(A56),"",LEFT(B59,27)&VALUE(RIGHT(B59,1)+1)) -> DKR250911MICPOL_20C_sample_5 | C60: =C59 -> Microdon polygaloides | D60: =D59 -> 20C | E60: =IF(ISBLANK(A56),"",E59+1) -> 5 | F60: =F59 -> 45912.478 | G60: 0.369
A61: =A60 -> MICPOL | B61: =IF(ISBLANK(A56),"",LEFT(B60,27)&VALUE(RIGHT(B60,1)+1)) -> DKR250911MICPOL_20C_sample_6 | C61: =C60 -> Microdon polygaloides | D61: =D60 -> 20C | E61: =IF(ISBLANK(A56),"",E60+1) -> 6 | F61: =F60 -> 45912.478 | G61: 0.373
A62: OEDSQU | B62: =IF(ISBLANK(A62),"",VLOOKUP($A62,'Data Feed (20C)'!$A$1:$G$14,2,FALSE)) -> DKR250911OEDSQU_20C_sample_1 | C62: =IF(ISBLANK(A62),"",VLOOKUP($A62,'Data Feed (20C)'!$A$1:$G$14,3,FALSE)) -> Oedera squarrosa | D62: =IF(ISBLANK(A62),"",VLOOKUP($A62,'Data Feed (20C)'!$A$1:$G$14,4,FALSE)) -> 20C | E62: =IF(ISBLANK(A62),"",VLOOKUP($A62,'Data Feed (20C)'!$A$1:$G$14,7,FALSE)) -> 1 | F62: 45912.481 | G62: 1.755
A63: =A62 -> OEDSQU | B63: =IF(ISBLANK(A62),"",LEFT(B62,27)&VALUE(RIGHT(B62,1)+1)) -> DKR250911OEDSQU_20C_sample_2 | C63: =C62 -> Oedera squarrosa | D63: =D62 -> 20C | E63: =IF(ISBLANK(A62),"",E62+1) -> 2 | F63: =F62 -> 45912.481 | G63: 1.359
A64: =A63 -> OEDSQU | B64: =IF(ISBLANK(A62),"",LEFT(B63,27)&VALUE(RIGHT(B63,1)+1)) -> DKR250911OEDSQU_20C_sample_3 | C64: =C63 -> Oedera squarrosa | D64: =D63 -> 20C | E64: =IF(ISBLANK(A62),"",E63+1) -> 3 | F64: =F63 -> 45912.481 | G64: 1.797
A65: =A64 -> OEDSQU | B65: =IF(ISBLANK(A62),"",LEFT(B64,27)&VALUE(RIGHT(B64,1)+1)) -> DKR250911OEDSQU_20C_sample_4 | C65: =C64 -> Oedera squarrosa | D65: =D64 -> 20C | E65: =IF(ISBLANK(A62),"",E64+1) -> 4 | F65: =F64 -> 45912.481 | G65: 1.894
A66: =A65 -> OEDSQU | B66: =IF(ISBLANK(A62),"",LEFT(B65,27)&VALUE(RIGHT(B65,1)+1)) -> DKR250911OEDSQU_20C_sample_5 | C66: =C65 -> Oedera squarrosa | D66: =D65 -> 20C | E66: =IF(ISBLANK(A62),"",E65+1) -> 5 | F66: =F65 -> 45912.481 | G66: 0.975
A67: =A66 -> OEDSQU | B67: =IF(ISBLANK(A62),"",LEFT(B66,27)&VALUE(RIGHT(B66,1)+1)) -> DKR250911OEDSQU_20C_sample_6 | C67: =C66 -> Oedera squarrosa | D67: =D66 -> 20C | E67: =IF(ISBLANK(A62),"",E66+1) -> 6 | F67: =F66 -> 45912.481 | G67: 0.395
A68: WAHNOD | B68: =IF(ISBLANK(A68),"",VLOOKUP($A68,'Data Feed (20C)'!$A$1:$G$14,2,FALSE)) -> DKR250911WAHNOD_20C_sample_1 | C68: =IF(ISBLANK(A68),"",VLOOKUP($A68,'Data Feed (20C)'!$A$1:$G$14,3,FALSE)) -> Wahlenbergia nodosa | D68: =IF(ISBLANK(A68),"",VLOOKUP($A68,'Data Feed (20C)'!$A$1:$G$14,4,FALSE)) -> 20C | E68: =IF(ISBLANK(A68),"",VLOOKUP($A68,'Data Feed (20C)'!$A$1:$G$14,7,FALSE)) -> 1 | F68: 45912.483 | G68: 0.545
A69: =A68 -> WAHNOD | B69: =IF(ISBLANK(A68),"",LEFT(B68,27)&VALUE(RIGHT(B68,1)+1)) -> DKR250911WAHNOD_20C_sample_2 | C69: =C68 -> Wahlenbergia nodosa | D69: =D68 -> 20C | E69: =IF(ISBLANK(A68),"",E68+1) -> 2 | F69: =F68 -> 45912.483 | G69: 0.326
A70: =A69 -> WAHNOD | B70: =IF(ISBLANK(A68),"",LEFT(B69,27)&VALUE(RIGHT(B69,1)+1)) -> DKR250911WAHNOD_20C_sample_3 | C70: =C69 -> Wahlenbergia nodosa | D70: =D69 -> 20C | E70: =IF(ISBLANK(A68),"",E69+1) -> 3 | F70: =F69 -> 45912.483 | G70: 0.258
A71: =A70 -> WAHNOD | B71: =IF(ISBLANK(A68),"",LEFT(B70,27)&VALUE(RIGHT(B70,1)+1)) -> DKR250911WAHNOD_20C_sample_4 | C71: =C70 -> Wahlenbergia nodosa | D71: =D70 -> 20C | E71: =IF(ISBLANK(A68),"",E70+1) -> 4 | F71: =F70 -> 45912.483 | G71: 1.034
A72: =A71 -> WAHNOD | B72: =IF(ISBLANK(A68),"",LEFT(B71,27)&VALUE(RIGHT(B71,1)+1)) -> DKR250911WAHNOD_20C_sample_5 | C72: =C71 -> Wahlenbergia nodosa | D72: =D71 -> 20C | E72: =IF(ISBLANK(A68),"",E71+1) -> 5 | F72: =F71 -> 45912.483 | G72: 0.579
A73: =A72 -> WAHNOD | B73: =IF(ISBLANK(A68),"",LEFT(B72,27)&VALUE(RIGHT(B72,1)+1)) -> DKR250911WAHNOD_20C_sample_6 | C73: =C72 -> Wahlenbergia nodosa | D73: =D72 -> 20C | E73: =IF(ISBLANK(A68),"",E72+1) -> 6 | F73: =F72 -> 45912.483 | G73: 0.612
A74: CLURUB | B74: =IF(ISBLANK(A74),"",VLOOKUP($A74,'Data Feed (20C)'!$A$1:$G$14,2,FALSE)) -> DKR250911CLURUB_20C_sample_1 | C74: =IF(ISBLANK(A74),"",VLOOKUP($A74,'Data Feed (20C)'!$A$1:$G$14,3,FALSE)) -> Clutia rubricaulis | D74: =IF(ISBLANK(A74),"",VLOOKUP($A74,'Data Feed (20C)'!$A$1:$G$14,4,FALSE)) -> 20C | E74: =IF(ISBLANK(A74),"",VLOOKUP($A74,'Data Feed (20C)'!$A$1:$G$14,7,FALSE)) -> 1 | F74: 45912.487 | G74: 0.68
A75: =A74 -> CLURUB | B75: =IF(ISBLANK(A74),"",LEFT(B74,27)&VALUE(RIGHT(B74,1)+1)) -> DKR250911CLURUB_20C_sample_2 | C75: =C74 -> Clutia rubricaulis | D75: =D74 -> 20C | E75: =IF(ISBLANK(A74),"",E74+1) -> 2 | F75: =F74 -> 45912.487 | G75: 0.5
A76: =A75 -> CLURUB | B76: =IF(ISBLANK(A74),"",LEFT(B75,27)&VALUE(RIGHT(B75,1)+1)) -> DKR250911CLURUB_20C_sample_3 | C76: =C75 -> Clutia rubricaulis | D76: =D75 -> 20C | E76: =IF(ISBLANK(A74),"",E75+1) -> 3 | F76: =F75 -> 45912.487 | G76: 0.64
A77: =A76 -> CLURUB | B77: =IF(ISBLANK(A74),"",LEFT(B76,27)&VALUE(RIGHT(B76,1)+1)) -> DKR250911CLURUB_20C_sample_4 | C77: =C76 -> Clutia rubricaulis | D77: =D76 -> 20C | E77: =IF(ISBLANK(A74),"",E76+1) -> 4 | F77: =F76 -> 45912.487 | G77: 0.27
A78: =A77 -> CLURUB | B78: =IF(ISBLANK(A74),"",LEFT(B77,27)&VALUE(RIGHT(B77,1)+1)) -> DKR250911CLURUB_20C_sample_5 | C78: =C77 -> Clutia rubricaulis | D78: =D77 -> 20C | E78: =IF(ISBLANK(A74),"",E77+1) -> 5 | F78: =F77 -> 45912.487 | G78: 0.645
A79: =A78 -> CLURUB | B79: =IF(ISBLANK(A74),"",LEFT(B78,27)&VALUE(RIGHT(B78,1)+1)) -> DKR250911CLURUB_20C_sample_6 | C79: =C78 -> Clutia rubricaulis | D79: =D78 -> 20C | E79: =IF(ISBLANK(A74),"",E78+1) -> 6 | F79: =F78 -> 45912.487 | G79: 0.596
A80: AGACAP | B80: =IF(ISBLANK(A80),"",VLOOKUP($A80,'Data Feed (20C)'!$A$1:$G$14,2,FALSE)) -> DKF250911AGACAP_20C_sample_1 | C80: =IF(ISBLANK(A80),"",VLOOKUP($A80,'Data Feed (20C)'!$A$1:$G$14,3,FALSE)) -> Agathosma capensis | D80: =IF(ISBLANK(A80),"",VLOOKUP($A80,'Data Feed (20C)'!$A$1:$G$14,4,FALSE)) -> 20C | E80: =IF(ISBLANK(A80),"",VLOOKUP($A80,'Data Feed (20C)'!$A$1:$G$14,7,FALSE)) -> 1 | F80: 45912.489 | G80: 5.65
A81: =A80 -> AGACAP | B81: =IF(ISBLANK(A80),"",LEFT(B80,27)&VALUE(RIGHT(B80,1)+1)) -> DKF250911AGACAP_20C_sample_2 | C81: =C80 -> Agathosma capensis | D81: =D80 -> 20C | E81: =IF(ISBLANK(A80),"",E80+1) -> 2 | F81: =F80 -> 45912.489 | G81: 2.024
A82: =A81 -> AGACAP | B82: =IF(ISBLANK(A80),"",LEFT(B81,27)&VALUE(RIGHT(B81,1)+1)) -> DKF250911AGACAP_20C_sample_3 | C82: =C81 -> Agathosma capensis | D82: =D81 -> 20C | E82: =IF(ISBLANK(A80),"",E81+1) -> 3 | F82: =F81 -> 45912.489 | G82: 2.857
A83: =A82 -> AGACAP | B83: =IF(ISBLANK(A80),"",LEFT(B82,27)&VALUE(RIGHT(B82,1)+1)) -> DKF250911AGACAP_20C_sample_4 | C83: =C82 -> Agathosma capensis | D83: =D82 -> 20C | E83: =IF(ISBLANK(A80),"",E82+1) -> 4 | F83: =F82 -> 45912.489 | G83: 1.901
A84: =A83 -> AGACAP | B84: =IF(ISBLANK(A80),"",LEFT(B83,27)&VALUE(RIGHT(B83,1)+1)) -> DKF250911AGACAP_20C_sample_5 | C84: =C83 -> Agathosma capensis | D84: =D83 -> 20C | E84: =IF(ISBLANK(A80),"",E83+1) -> 5 | F84: =F83 -> 45912.489 | G84: 0.791
A85: =A84 -> AGACAP | B85: =IF(ISBLANK(A80),"",LEFT(B84,27)&VALUE(RIGHT(B84,1)+1)) -> DKF250911AGACAP_20C_sample_6 | C85: =C84 -> Agathosma capensis | D85: =D84 -> 20C | E85: =IF(ISBLANK(A80),"",E84+1) -> 6 | F85: =F84 -> 45912.489 | G85: 2.097
A86: PASOBT | B86: =IF(ISBLANK(A86),"",VLOOKUP($A86,'Data Feed (20C)'!$A$1:$G$14,2,FALSE)) -> DKR250911PASOBT_20C_sample_1 | C86: =IF(ISBLANK(A86),"",VLOOKUP($A86,'Data Feed (20C)'!$A$1:$G$14,3,FALSE)) -> Passerina obtusifolia | D86: =IF(ISBLANK(A86),"",VLOOKUP($A86,'Data Feed (20C)'!$A$1:$G$14,4,FALSE)) -> 20C | E86: =IF(ISBLANK(A86),"",VLOOKUP($A86,'Data Feed (20C)'!$A$1:$G$14,7,FALSE)) -> 1 | F86: 45912.491 | G86: 3.32
A87: =A86 -> PASOBT | B87: =IF(ISBLANK(A86),"",LEFT(B86,27)&VALUE(RIGHT(B86,1)+1)) -> DKR250911PASOBT_20C_sample_2 | C87: =C86 -> Passerina obtusifolia | D87: =D86 -> 20C | E87: =IF(ISBLANK(A86),"",E86+1) -> 2 | F87: =F86 -> 45912.491 | G87: 4.605
A88: =A87 -> PASOBT | B88: =IF(ISBLANK(A86),"",LEFT(B87,27)&VALUE(RIGHT(B87,1)+1)) -> DKR250911PASOBT_20C_sample_3 | C88: =C87 -> Passerina obtusifolia | D88: =D87 -> 20C | E88: =IF(ISBLANK(A86),"",E87+1) -> 3 | F88: =F87 -> 45912.491 | G88: 1.602
A89: =A88 -> PASOBT | B89: =IF(ISBLANK(A86),"",LEFT(B88,27)&VALUE(RIGHT(B88,1)+1)) -> DKR250911PASOBT_20C_sample_4 | C89: =C88 -> Passerina obtusifolia | D89: =D88 -> 20C | E89: =IF(ISBLANK(A86),"",E88+1) -> 4 | F89: =F88 -> 45912.491 | G89: 2.358
A90: =A89 -> PASOBT | B90: =IF(ISBLANK(A86),"",LEFT(B89,27)&VALUE(RIGHT(B89,1)+1)) -> DKR250911PASOBT_20C_sample_5 | C90: =C89 -> Passerina obtusifolia | D90: =D89 -> 20C | E90: =IF(ISBLANK(A86),"",E89+1) -> 5 | F90: =F89 -> 45912.491 | G90: 1.872
A91: =A90 -> PASOBT | B91: =IF(ISBLANK(A86),"",LEFT(B90,27)&VALUE(RIGHT(B90,1)+1)) -> DKR250911PASOBT_20C_sample_6 | C91: =C90 -> Passerina obtusifolia | D91: =D90 -> 20C | E91: =IF(ISBLANK(A86),"",E90+1) -> 6 | F91: =F90 -> 45912.491 | G91: 3.261
A92: ASPSHA | B92: =IF(ISBLANK(A92),"",VLOOKUP($A92,'Data Feed (20C)'!$A$1:$G$14,2,FALSE)) -> DKF250911ASPSHA_20C_sample_1 | C92: =IF(ISBLANK(A92),"",VLOOKUP($A92,'Data Feed (20C)'!$A$1:$G$14,3,FALSE)) -> Aspalathus shawii | D92: =IF(ISBLANK(A92),"",VLOOKUP($A92,'Data Feed (20C)'!$A$1:$G$14,4,FALSE)) -> 20C | E92: =IF(ISBLANK(A92),"",VLOOKUP($A92,'Data Feed (20C)'!$A$1:$G$14,7,FALSE)) -> 1 | F92: 45912.492 | G92: 16.522
A93: =A92 -> ASPSHA | B93: =IF(ISBLANK(A92),"",LEFT(B92,27)&VALUE(RIGHT(B92,1)+1)) -> DKF250911ASPSHA_20C_sample_2 | C93: =C92 -> Aspalathus shawii | D93: =D92 -> 20C | E93: =IF(ISBLANK(A92),"",E92+1) -> 2 | F93: =F92 -> 45912.492 | G93: 11.135
A94: =A93 -> ASPSHA | B94: =IF(ISBLANK(A92),"",LEFT(B93,27)&VALUE(RIGHT(B93,1)+1)) -> DKF250911ASPSHA_20C_sample_3 | C94: =C93 -> Aspalathus shawii | D94: =D93 -> 20C | E94: =IF(ISBLANK(A92),"",E93+1) -> 3 | F94: =F93 -> 45912.492 | G94: 6.225
A95: =A94 -> ASPSHA | B95: =IF(ISBLANK(A92),"",LEFT(B94,27)&VALUE(RIGHT(B94,1)+1)) -> DKF250911ASPSHA_20C_sample_4 | C95: =C94 -> Aspalathus shawii | D95: =D94 -> 20C | E95: =IF(ISBLANK(A92),"",E94+1) -> 4 | F95: =F94 -> 45912.492 | G95: 15.219
A96: =A95 -> ASPSHA | B96: =IF(ISBLANK(A92),"",LEFT(B95,27)&VALUE(RIGHT(B95,1)+1)) -> DKF250911ASPSHA_20C_sample_5 | C96: =C95 -> Aspalathus shawii | D96: =D95 -> 20C | E96: =IF(ISBLANK(A92),"",E95+1) -> 5 | F96: =F95 -> 45912.492 | G96: 4.789
A97: =A96 -> ASPSHA | B97: =IF(ISBLANK(A92),"",LEFT(B96,27)&VALUE(RIGHT(B96,1)+1)) -> DKF250911ASPSHA_20C_sample_6 | C97: =C96 -> Aspalathus shawii | D97: =D96 -> 20C | E97: =IF(ISBLANK(A92),"",E96+1) -> 6 | F97: =F96 -> 45912.492 | G97: 12.883
A98: ELYRHI | B98: =IF(ISBLANK(A98),"",VLOOKUP($A98,'Data Feed (20C)'!$A$1:$G$14,2,FALSE)) -> DKR250911ELYRHI_20C_sample_1 | C98: =IF(ISBLANK(A98),"",VLOOKUP($A98,'Data Feed (20C)'!$A$1:$G$14,3,FALSE)) -> Elytropappus rhinocerotis | D98: =IF(ISBLANK(A98),"",VLOOKUP($A98,'Data Feed (20C)'!$A$1:$G$14,4,FALSE)) -> 20C | E98: =IF(ISBLANK(A98),"",VLOOKUP($A98,'Data Feed (20C)'!$A$1:$G$14,7,FALSE)) -> 1 | F98: 45912.494 | G98: 4.235
A99: =A98 -> ELYRHI | B99: =IF(ISBLANK(A98),"",LEFT(B98,27)&VALUE(RIGHT(B98,1)+1)) -> DKR250911ELYRHI_20C_sample_2 | C99: =C98 -> Elytropappus rhinocerotis | D99: =D98 -> 20C | E99: =IF(ISBLANK(A98),"",E98+1) -> 2 | F99: =F98 -> 45912.494 | G99: 4.655
A100: =A99 -> ELYRHI | B100: =IF(ISBLANK(A98),"",LEFT(B99,27)&VALUE(RIGHT(B99,1)+1)) -> DKR250911ELYRHI_20C_sample_3 | C100: =C99 -> Elytropappus rhinocerotis | D100: =D99 -> 20C | E100: =IF(ISBLANK(A98),"",E99+1) -> 3 | F100: =F99 -> 45912.494 | G100: 7.445
...

Sheet Data Feed (40C)
A1: GENSPP | B1: ID_Code | C1: Species | D1: Treat | E1: Site | F1: Sampling Date | G1: Sample No.
A2: =UPPER(LEFT(C2,3) & MID(C2,FIND(" ",C2)+1,3)) -> AGACAP | B2: =CONCATENATE("DK", UPPER(LEFT(E2,1)), "25", UPPER(TEXT(F2,"mm")), UPPER(TEXT(F2,"dd")), UPPER(LEFT(C2,3)), UPPER(MID(C2,FIND(" ",C2)+1,3)),"_",D2,"_sample_",G2) -> DKF250911AGACAP_20C_sample_1 | C2: Agathosma capensis | D2: 20C | E2: Fynbos | F2: 45911 | G2: 1
A3: =UPPER(LEFT(C3,3) & MID(C3,FIND(" ",C3)+1,3)) -> ASPSHA | B3: =CONCATENATE("DK", UPPER(LEFT(E3,1)), "25", UPPER(TEXT(F3,"mm")), UPPER(TEXT(F3,"dd")), UPPER(LEFT(C3,3)), UPPER(MID(C3,FIND(" ",C3)+1,3)),"_",D3,"_sample_",G3) -> DKF250911ASPSHA_20C_sample_1 | C3: Aspalathus shawii | D3: 20C | E3: Fynbos | F3: 45911 | G3: 1
A4: =UPPER(LEFT(C4,3) & MID(C4,FIND(" ",C4)+1,3)) -> CLURUB | B4: =CONCATENATE("DK", UPPER(LEFT(E4,1)), "25", UPPER(TEXT(F4,"mm")), UPPER(TEXT(F4,"dd")), UPPER(LEFT(C4,3)), UPPER(MID(C4,FIND(" ",C4)+1,3)),"_",D4,"_sample_",G4) -> DKR250911CLURUB_20C_sample_1 | C4: Clutia rubricaulis | D4: 20C | E4: Renosterveld | F4: 45911 | G4: 1
A5: =UPPER(LEFT(C5,3) & MID(C5,FIND(" ",C5)+1,3)) -> ELYRHI | B5: =CONCATENATE("DK", UPPER(LEFT(E5,1)), "25", UPPER(TEXT(F5,"mm")), UPPER(TEXT(F5,"dd")), UPPER(LEFT(C5,3)), UPPER(MID(C5,FIND(" ",C5)+1,3)),"_",D5,"_sample_",G5) -> DKR250911ELYRHI_20C_sample_1 | C5: Elytropappus rhinocerotis | D5: 20C | E5: Renosterveld | F5: 45911 | G5: 1
A6: =UPPER(LEFT(C6,3) & MID(C6,FIND(" ",C6)+1,3)) -> LOBDEC | B6: =CONCATENATE("DK", UPPER(LEFT(E6,1)), "25", UPPER(TEXT(F6,"mm")), UPPER(TEXT(F6,"dd")), UPPER(LEFT(C6,3)), UPPER(MID(C6,FIND(" ",C6)+1,3)),"_",D6,"_sample_",G6) -> DKF250911LOBDEC_20C_sample_1 | C6: Lobostemon decorus | D6: 20C | E6: Fynbos | F6: 45911 | G6: 1
A7: =UPPER(LEFT(C7,3) & MID(C7,FIND(" ",C7)+1,3)) -> MICPOL | B7: =CONCATENATE("DK", UPPER(LEFT(E7,1)), "25", UPPER(TEXT(F7,"mm")), UPPER(TEXT(F7,"dd")), UPPER(LEFT(C7,3)), UPPER(MID(C7,FIND(" ",C7)+1,3)),"_",D7,"_sample_",G7) -> DKR250911MICPOL_20C_sample_1 | C7: Microdon polygaloides | D7: 20C | E7: Renosterveld | F7: 45911 | G7: 1
A8: =UPPER(LEFT(C8,3) & MID(C8,FIND(" ",C8)+1,3)) -> OEDSQU | B8: =CONCATENATE("DK", UPPER(LEFT(E8,1)), "25", UPPER(TEXT(F8,"mm")), UPPER(TEXT(F8,"dd")), UPPER(LEFT(C8,3)), UPPER(MID(C8,FIND(" ",C8)+1,3)),"_",D8,"_sample_",G8) -> DKR250911OEDSQU_20C_sample_1 | C8: Oedera squarrosa | D8: 20C | E8: Renosterveld | F8: 45911 | G8: 1
A9: =UPPER(LEFT(C9,3) & MID(C9,FIND(" ",C9)+1,3)) -> PASOBT | B9: =CONCATENATE("DK", UPPER(LEFT(E9,1)), "25", UPPER(TEXT(F9,"mm")), UPPER(TEXT(F9,"dd")), UPPER(LEFT(C9,3)), UPPER(MID(C9,FIND(" ",C9)+1,3)),"_",D9,"_sample_",G9) -> DKR250911PASOBT_20C_sample_1 | C9: Passerina obtusifolia | D9: 20C | E9: Renosterveld | F9: 45911 | G9: 1
A10: =UPPER(LEFT(C10,3) & MID(C10,FIND(" ",C10)+1,3)) -> PROLAU | B10: =CONCATENATE("DK", UPPER(LEFT(E10,1)), "25", UPPER(TEXT(F10,"mm")), UPPER(TEXT(F10,"dd")), UPPER(LEFT(C10,3)), UPPER(MID(C10,FIND(" ",C10)+1,3)),"_",D10,"_sample_",G10) -> DKR250911PROLAU_20C_sample_1 | C10: Protea laurifolia | D10: 20C | E10: Renosterveld | F10: 45911 | G10: 1
A11: =UPPER(LEFT(C11,3) & MID(C11,FIND(" ",C11)+1,3)) -> PROLOR | B11: =CONCATENATE("DK", UPPER(LEFT(E11,1)), "25", UPPER(TEXT(F11,"mm")), UPPER(TEXT(F11,"dd")), UPPER(LEFT(C11,3)), UPPER(MID(C11,FIND(" ",C11)+1,3)),"_",D11,"_sample_",G11) -> DKF250911PROLOR_20C_sample_1 | C11: Protea lorifolia | D11: 20C | E11: Fynbos | F11: 45911 | G11: 1
A12: =UPPER(LEFT(C12,3) & MID(C12,FIND(" ",C12)+1,3)) -> RUSMUL | B12: =CONCATENATE("DK", UPPER(LEFT(E12,1)), "25", UPPER(TEXT(F12,"mm")), UPPER(TEXT(F12,"dd")), UPPER(LEFT(C12,3)), UPPER(MID(C12,FIND(" ",C12)+1,3)),"_",D12,"_sample_",G12) -> DKR250911RUSMUL_20C_sample_1 | C12: Ruschia multiflora | D12: 20C | E12: Renosterveld | F12: 45911 | G12: 1
A13: =UPPER(LEFT(C13,3) & MID(C13,FIND(" ",C13)+1,3)) -> SELDOL | B13: =CONCATENATE("DK", UPPER(LEFT(E13,1)), "25", UPPER(TEXT(F13,"mm")), UPPER(TEXT(F13,"dd")), UPPER(LEFT(C13,3)), UPPER(MID(C13,FIND(" ",C13)+1,3)),"_",D13,"_sample_",G13) -> DKF250911SELDOL_20C_sample_1 | C13: Selago dolosa | D13: 20C | E13: Fynbos | F13: 45911 | G13: 1
A14: =UPPER(LEFT(C14,3) & MID(C14,FIND(" ",C14)+1,3)) -> WAHNOD | B14: =CONCATENATE("DK", UPPER(LEFT(E14,1)), "25", UPPER(TEXT(F14,"mm")), UPPER(TEXT(F14,"dd")), UPPER(LEFT(C14,3)), UPPER(MID(C14,FIND(" ",C14)+1,3)),"_",D14,"_sample_",G14) -> DKR250911WAHNOD_20C_sample_1 | C14: Wahlenbergia nodosa | D14: 20C | E14: Renosterveld | F14: 45911 | G14: 1

Sheet Data Feed (20C)
A1: GENSPP | B1: ID_Code | C1: Species | D1: Treat | E1: Site | F1: Sampling Date | G1: Sample No.
A2: =UPPER(LEFT(C2,3) & MID(C2,FIND(" ",C2)+1,3)) -> AGACAP | B2: =CONCATENATE("DK", UPPER(LEFT(E2,1)), "25", UPPER(TEXT(F2,"mm")), UPPER(TEXT(F2,"dd")), UPPER(LEFT(C2,3)), UPPER(MID(C2,FIND(" ",C2)+1,3)),"_",D2,"_sample_",G2) -> DKF250911AGACAP_20C_sample_1 | C2: Agathosma capensis | D2: 20C | E2: Fynbos | F2: 45911 | G2: 1
A3: =UPPER(LEFT(C3,3) & MID(C3,FIND(" ",C3)+1,3)) -> ASPSHA | B3: =CONCATENATE("DK", UPPER(LEFT(E3,1)), "25", UPPER(TEXT(F3,"mm")), UPPER(TEXT(F3,"dd")), UPPER(LEFT(C3,3)), UPPER(MID(C3,FIND(" ",C3)+1,3)),"_",D3,"_sample_",G3) -> DKF250911ASPSHA_20C_sample_1 | C3: Aspalathus shawii | D3: 20C | E3: Fynbos | F3: 45911 | G3: 1
A4: =UPPER(LEFT(C4,3) & MID(C4,FIND(" ",C4)+1,3)) -> CLURUB | B4: =CONCATENATE("DK", UPPER(LEFT(E4,1)), "25", UPPER(TEXT(F4,"mm")), UPPER(TEXT(F4,"dd")), UPPER(LEFT(C4,3)), UPPER(MID(C4,FIND(" ",C4)+1,3)),"_",D4,"_sample_",G4) -> DKR250911CLURUB_20C_sample_1 | C4: Clutia rubricaulis | D4: 20C | E4: Renosterveld | F4: 45911 | G4: 1
A5: =UPPER(LEFT(C5,3) & MID(C5,FIND(" ",C5)+1,3)) -> ELYRHI | B5: =CONCATENATE("DK", UPPER(LEFT(E5,1)), "25", UPPER(TEXT(F5,"mm")), UPPER(TEXT(F5,"dd")), UPPER(LEFT(C5,3)), UPPER(MID(C5,FIND(" ",C5)+1,3)),"_",D5,"_sample_",G5) -> DKR250911ELYRHI_20C_sample_1 | C5: Elytropappus rhinocerotis | D5: 20C | E5: Renosterveld | F5: 45911 | G5: 1
A6: =UPPER(LEFT(C6,3) & MID(C6,FIND(" ",C6)+1,3)) -> LOBDEC | B6: =CONCATENATE("DK", UPPER(LEFT(E6,1)), "25", UPPER(TEXT(F6,"mm")), UPPER(TEXT(F6,"dd")), UPPER(LEFT(C6,3)), UPPER(MID(C6,FIND(" ",C6)+1,3)),"_",D6,"_sample_",G6) -> DKF250911LOBDEC_20C_sample_1 | C6: Lobostemon decorus | D6: 20C | E6: Fynbos | F6: 45911 | G6: 1
A7: =UPPER(LEFT(C7,3) & MID(C7,FIND(" ",C7)+1,3)) -> MICPOL | B7: =CONCATENATE("DK", UPPER(LEFT(E7,1)), "25", UPPER(TEXT(F7,"mm")), UPPER(TEXT(F7,"dd")), UPPER(LEFT(C7,3)), UPPER(MID(C7,FIND(" ",C7)+1,3)),"_",D7,"_sample_",G7) -> DKR250911MICPOL_20C_sample_1 | C7: Microdon polygaloides | D7: 20C | E7: Renosterveld | F7: 45911 | G7: 1
A8: =UPPER(LEFT(C8,3) & MID(C8,FIND(" ",C8)+1,3)) -> OEDSQU | B8: =CONCATENATE("DK", UPPER(LEFT(E8,1)), "25", UPPER(TEXT(F8,"mm")), UPPER(TEXT(F8,"dd")), UPPER(LEFT(C8,3)), UPPER(MID(C8,FIND(" ",C8)+1,3)),"_",D8,"_sample_",G8) -> DKR250911OEDSQU_20C_sample_1 | C8: Oedera squarrosa | D8: 20C | E8: Renosterveld | F8: 45911 | G8: 1
A9: =UPPER(LEFT(C9,3) & MID(C9,FIND(" ",C9)+1,3)) -> PASOBT | B9: =CONCATENATE("DK", UPPER(LEFT(E9,1)), "25", UPPER(TEXT(F9,"mm")), UPPER(TEXT(F9,"dd")), UPPER(LEFT(C9,3)), UPPER(MID(C9,FIND(" ",C9)+1,3)),"_",D9,"_sample_",G9) -> DKR250911PASOBT_20C_sample_1 | C9: Passerina obtusifolia | D9: 20C | E9: Renosterveld | F9: 45911 | G9: 1
A10: =UPPER(LEFT(C10,3) & MID(C10,FIND(" ",C10)+1,3)) -> PROLAU | B10: =CONCATENATE("DK", UPPER(LEFT(E10,1)), "25", UPPER(TEXT(F10,"mm")), UPPER(TEXT(F10,"dd")), UPPER(LEFT(C10,3)), UPPER(MID(C10,FIND(" ",C10)+1,3)),"_",D10,"_sample_",G10) -> DKR250911PROLAU_20C_sample_1 | C10: Protea laurifolia | D10: 20C | E10: Renosterveld | F10: 45911 | G10: 1
A11: =UPPER(LEFT(C11,3) & MID(C11,FIND(" ",C11)+1,3)) -> PROLOR | B11: =CONCATENATE("DK", UPPER(LEFT(E11,1)), "25", UPPER(TEXT(F11,"mm")), UPPER(TEXT(F11,"dd")), UPPER(LEFT(C11,3)), UPPER(MID(C11,FIND(" ",C11)+1,3)),"_",D11,"_sample_",G11) -> DKF250911PROLOR_20C_sample_1 | C11: Protea lorifolia | D11: 20C | E11: Fynbos | F11: 45911 | G11: 1
A12: =UPPER(LEFT(C12,3) & MID(C12,FIND(" ",C12)+1,3)) -> RUSMUL | B12: =CONCATENATE("DK", UPPER(LEFT(E12,1)), "25", UPPER(TEXT(F12,"mm")), UPPER(TEXT(F12,"dd")), UPPER(LEFT(C12,3)), UPPER(MID(C12,FIND(" ",C12)+1,3)),"_",D12,"_sample_",G12) -> DKR250911RUSMUL_20C_sample_1 | C12: Ruschia multiflora | D12: 20C | E12: Renosterveld | F12: 45911 | G12: 1
A13: =UPPER(LEFT(C13,3) & MID(C13,FIND(" ",C13)+1,3)) -> SELDOL | B13: =CONCATENATE("DK", UPPER(LEFT(E13,1)), "25", UPPER(TEXT(F13,"mm")), UPPER(TEXT(F13,"dd")), UPPER(LEFT(C13,3)), UPPER(MID(C13,FIND(" ",C13)+1,3)),"_",D13,"_sample_",G13) -> DKF250911SELDOL_20C_sample_1 | C13: Selago dolosa | D13: 20C | E13: Fynbos | F13: 45911 | G13: 1
A14: =UPPER(LEFT(C14,3) & MID(C14,FIND(" ",C14)+1,3)) -> WAHNOD | B14: =CONCATENATE("DK", UPPER(LEFT(E14,1)), "25", UPPER(TEXT(F14,"mm")), UPPER(TEXT(F14,"dd")), UPPER(LEFT(C14,3)), UPPER(MID(C14,FIND(" ",C14)+1,3)),"_",D14,"_sample_",G14) -> DKR250911WAHNOD_20C_sample_1 | C14: Wahlenbergia nodosa | D14: 20C | E14: Renosterveld | F14: 45911 | G14: 1
